
> nexora-backend@1.0.0 start:dev
> nest start --watch

[2J[3J[H[[90m19:08:25[0m] Starting compilation in watch mode...

[[90m19:08:31[0m] Found 0 errors. Watching for file changes.

(node:3060) [DEP0190] DeprecationWarning: Passing args to a child process with shell option true can lead to security vulnerabilities, as the arguments are not escaped, only concatenated.
(Use `node --trace-deprecation ...` to show where the warning was created)
[32m[Nest] 4564  - [39m25/04/2026, 19:08:33 [32m    LOG[39m [38;5;3m[NestFactory] [39m[32mStarting Nest application...[39m
[32m[Nest] 4564  - [39m25/04/2026, 19:08:33 [32m    LOG[39m [38;5;3m[InstanceLoader] [39m[32mAppModule dependencies initialized[39m[38;5;3m +18ms[39m
[32m[Nest] 4564  - [39m25/04/2026, 19:08:33 [32m    LOG[39m [38;5;3m[InstanceLoader] [39m[32mPrismaModule dependencies initialized[39m[38;5;3m +5ms[39m
[32m[Nest] 4564  - [39m25/04/2026, 19:08:33 [32m    LOG[39m [38;5;3m[InstanceLoader] [39m[32mPassportModule dependencies initialized[39m[38;5;3m +1ms[39m
[32m[Nest] 4564  - [39m25/04/2026, 19:08:33 [32m    LOG[39m [38;5;3m[InstanceLoader] [39m[32mConfigHostModule dependencies initialized[39m[38;5;3m +3ms[39m
[32m[Nest] 4564  - [39m25/04/2026, 19:08:33 [32m    LOG[39m [38;5;3m[InstanceLoader] [39m[32mDiscoveryModule dependencies initialized[39m[38;5;3m +0ms[39m
[32m[Nest] 4564  - [39m25/04/2026, 19:08:33 [32m    LOG[39m [38;5;3m[InstanceLoader] [39m[32mHealthModule dependencies initialized[39m[38;5;3m +1ms[39m
[32m[Nest] 4564  - [39m25/04/2026, 19:08:33 [32m    LOG[39m [38;5;3m[InstanceLoader] [39m[32mConfigModule dependencies initialized[39m[38;5;3m +0ms[39m
[32m[Nest] 4564  - [39m25/04/2026, 19:08:33 [32m    LOG[39m [38;5;3m[InstanceLoader] [39m[32mConfigModule dependencies initialized[39m[38;5;3m +0ms[39m
[32m[Nest] 4564  - [39m25/04/2026, 19:08:33 [32m    LOG[39m [38;5;3m[InstanceLoader] [39m[32mScheduleModule dependencies initialized[39m[38;5;3m +1ms[39m
[32m[Nest] 4564  - [39m25/04/2026, 19:08:33 [32m    LOG[39m [38;5;3m[InstanceLoader] [39m[32mJwtModule dependencies initialized[39m[38;5;3m +14ms[39m
[32m[Nest] 4564  - [39m25/04/2026, 19:08:33 [32m    LOG[39m [38;5;3m[InstanceLoader] [39m[32mThrottlerModule dependencies initialized[39m[38;5;3m +0ms[39m
[32m[Nest] 4564  - [39m25/04/2026, 19:08:33 [32m    LOG[39m [38;5;3m[InstanceLoader] [39m[32mUsersModule dependencies initialized[39m[38;5;3m +0ms[39m
[32m[Nest] 4564  - [39m25/04/2026, 19:08:33 [32m    LOG[39m [38;5;3m[InstanceLoader] [39m[32mProfilesModule dependencies initialized[39m[38;5;3m +0ms[39m
[32m[Nest] 4564  - [39m25/04/2026, 19:08:33 [32m    LOG[39m [38;5;3m[InstanceLoader] [39m[32mSeasonsModule dependencies initialized[39m[38;5;3m +0ms[39m
[32m[Nest] 4564  - [39m25/04/2026, 19:08:33 [32m    LOG[39m [38;5;3m[InstanceLoader] [39m[32mEpisodesModule dependencies initialized[39m[38;5;3m +0ms[39m
[32m[Nest] 4564  - [39m25/04/2026, 19:08:33 [32m    LOG[39m [38;5;3m[InstanceLoader] [39m[32mSubscriptionsModule dependencies initialized[39m[38;5;3m +0ms[39m
[32m[Nest] 4564  - [39m25/04/2026, 19:08:33 [32m    LOG[39m [38;5;3m[InstanceLoader] [39m[32mWatchHistoryModule dependencies initialized[39m[38;5;3m +0ms[39m
[32m[Nest] 4564  - [39m25/04/2026, 19:08:33 [32m    LOG[39m [38;5;3m[InstanceLoader] [39m[32mRatingsModule dependencies initialized[39m[38;5;3m +0ms[39m
[32m[Nest] 4564  - [39m25/04/2026, 19:08:33 [32m    LOG[39m [38;5;3m[InstanceLoader] [39m[32mFavoritesModule dependencies initialized[39m[38;5;3m +0ms[39m
[32m[Nest] 4564  - [39m25/04/2026, 19:08:33 [32m    LOG[39m [38;5;3m[InstanceLoader] [39m[32mRecommendationsModule dependencies initialized[39m[38;5;3m +0ms[39m
[32m[Nest] 4564  - [39m25/04/2026, 19:08:33 [32m    LOG[39m [38;5;3m[InstanceLoader] [39m[32mAnalyticsModule dependencies initialized[39m[38;5;3m +0ms[39m
[32m[Nest] 4564  - [39m25/04/2026, 19:08:33 [32m    LOG[39m [38;5;3m[InstanceLoader] [39m[32mAdminModule dependencies initialized[39m[38;5;3m +1ms[39m
[32m[Nest] 4564  - [39m25/04/2026, 19:08:33 [32m    LOG[39m [38;5;3m[InstanceLoader] [39m[32mNotificationsModule dependencies initialized[39m[38;5;3m +1ms[39m
[32m[Nest] 4564  - [39m25/04/2026, 19:08:33 [32m    LOG[39m [38;5;3m[InstanceLoader] [39m[32mContentModule dependencies initialized[39m[38;5;3m +0ms[39m
[32m[Nest] 4564  - [39m25/04/2026, 19:08:33 [32m    LOG[39m [38;5;3m[InstanceLoader] [39m[32mUploadsModule dependencies initialized[39m[38;5;3m +0ms[39m
[32m[Nest] 4564  - [39m25/04/2026, 19:08:33 [32m    LOG[39m [38;5;3m[InstanceLoader] [39m[32mPaymentsModule dependencies initialized[39m[38;5;3m +0ms[39m
[32m[Nest] 4564  - [39m25/04/2026, 19:08:33 [32m    LOG[39m [38;5;3m[InstanceLoader] [39m[32mAuthModule dependencies initialized[39m[38;5;3m +0ms[39m
[32m[Nest] 4564  - [39m25/04/2026, 19:08:33 [32m    LOG[39m [38;5;3m[RoutesResolver] [39m[32mAuthController {/api/v1/auth}:[39m[38;5;3m +31ms[39m
[32m[Nest] 4564  - [39m25/04/2026, 19:08:33 [32m    LOG[39m [38;5;3m[RouterExplorer] [39m[32mMapped {/api/v1/auth/register, POST} route[39m[38;5;3m +2ms[39m
[32m[Nest] 4564  - [39m25/04/2026, 19:08:33 [32m    LOG[39m [38;5;3m[RouterExplorer] [39m[32mMapped {/api/v1/auth/login, POST} route[39m[38;5;3m +0ms[39m
[32m[Nest] 4564  - [39m25/04/2026, 19:08:33 [32m    LOG[39m [38;5;3m[RouterExplorer] [39m[32mMapped {/api/v1/auth/refresh, POST} route[39m[38;5;3m +1ms[39m
[32m[Nest] 4564  - [39m25/04/2026, 19:08:33 [32m    LOG[39m [38;5;3m[RouterExplorer] [39m[32mMapped {/api/v1/auth/logout, POST} route[39m[38;5;3m +0ms[39m
[32m[Nest] 4564  - [39m25/04/2026, 19:08:33 [32m    LOG[39m [38;5;3m[RouterExplorer] [39m[32mMapped {/api/v1/auth/verify-email, POST} route[39m[38;5;3m +0ms[39m
[32m[Nest] 4564  - [39m25/04/2026, 19:08:33 [32m    LOG[39m [38;5;3m[RouterExplorer] [39m[32mMapped {/api/v1/auth/forgot-password, POST} route[39m[38;5;3m +0ms[39m
[32m[Nest] 4564  - [39m25/04/2026, 19:08:33 [32m    LOG[39m [38;5;3m[RouterExplorer] [39m[32mMapped {/api/v1/auth/reset-password, POST} route[39m[38;5;3m +1ms[39m
[32m[Nest] 4564  - [39m25/04/2026, 19:08:33 [32m    LOG[39m [38;5;3m[RouterExplorer] [39m[32mMapped {/api/v1/auth/change-password, POST} route[39m[38;5;3m +0ms[39m
[32m[Nest] 4564  - [39m25/04/2026, 19:08:33 [32m    LOG[39m [38;5;3m[RouterExplorer] [39m[32mMapped {/api/v1/auth/me, GET} route[39m[38;5;3m +0ms[39m
[32m[Nest] 4564  - [39m25/04/2026, 19:08:33 [32m    LOG[39m [38;5;3m[RouterExplorer] [39m[32mMapped {/api/v1/auth/google, GET} route[39m[38;5;3m +0ms[39m
[32m[Nest] 4564  - [39m25/04/2026, 19:08:33 [32m    LOG[39m [38;5;3m[RouterExplorer] [39m[32mMapped {/api/v1/auth/google/callback, GET} route[39m[38;5;3m +0ms[39m
[32m[Nest] 4564  - [39m25/04/2026, 19:08:33 [32m    LOG[39m [38;5;3m[RoutesResolver] [39m[32mNotificationsController {/api/v1/notifications}:[39m[38;5;3m +0ms[39m
[32m[Nest] 4564  - [39m25/04/2026, 19:08:33 [32m    LOG[39m [38;5;3m[RouterExplorer] [39m[32mMapped {/api/v1/notifications, GET} route[39m[38;5;3m +0ms[39m
[32m[Nest] 4564  - [39m25/04/2026, 19:08:33 [32m    LOG[39m [38;5;3m[RouterExplorer] [39m[32mMapped {/api/v1/notifications/unread-count, GET} route[39m[38;5;3m +1ms[39m
[32m[Nest] 4564  - [39m25/04/2026, 19:08:33 [32m    LOG[39m [38;5;3m[RouterExplorer] [39m[32mMapped {/api/v1/notifications/read-all, PATCH} route[39m[38;5;3m +0ms[39m
[32m[Nest] 4564  - [39m25/04/2026, 19:08:33 [32m    LOG[39m [38;5;3m[RouterExplorer] [39m[32mMapped {/api/v1/notifications/:id/read, PATCH} route[39m[38;5;3m +0ms[39m
[32m[Nest] 4564  - [39m25/04/2026, 19:08:33 [32m    LOG[39m [38;5;3m[RouterExplorer] [39m[32mMapped {/api/v1/notifications/:id, DELETE} route[39m[38;5;3m +0ms[39m
[32m[Nest] 4564  - [39m25/04/2026, 19:08:33 [32m    LOG[39m [38;5;3m[RoutesResolver] [39m[32mUsersController {/api/v1/users}:[39m[38;5;3m +0ms[39m
[32m[Nest] 4564  - [39m25/04/2026, 19:08:33 [32m    LOG[39m [38;5;3m[RouterExplorer] [39m[32mMapped {/api/v1/users, GET} route[39m[38;5;3m +1ms[39m
[32m[Nest] 4564  - [39m25/04/2026, 19:08:33 [32m    LOG[39m [38;5;3m[RouterExplorer] [39m[32mMapped {/api/v1/users/stats, GET} route[39m[38;5;3m +0ms[39m
[32m[Nest] 4564  - [39m25/04/2026, 19:08:33 [32m    LOG[39m [38;5;3m[RouterExplorer] [39m[32mMapped {/api/v1/users/:id, GET} route[39m[38;5;3m +0ms[39m
[32m[Nest] 4564  - [39m25/04/2026, 19:08:33 [32m    LOG[39m [38;5;3m[RouterExplorer] [39m[32mMapped {/api/v1/users/:id, PUT} route[39m[38;5;3m +0ms[39m
[32m[Nest] 4564  - [39m25/04/2026, 19:08:33 [32m    LOG[39m [38;5;3m[RouterExplorer] [39m[32mMapped {/api/v1/users/:id/block, PATCH} route[39m[38;5;3m +0ms[39m
[32m[Nest] 4564  - [39m25/04/2026, 19:08:33 [32m    LOG[39m [38;5;3m[RouterExplorer] [39m[32mMapped {/api/v1/users/:id/unblock, PATCH} route[39m[38;5;3m +0ms[39m
[32m[Nest] 4564  - [39m25/04/2026, 19:08:33 [32m    LOG[39m [38;5;3m[RouterExplorer] [39m[32mMapped {/api/v1/users/:id/activity, GET} route[39m[38;5;3m +1ms[39m
[32m[Nest] 4564  - [39m25/04/2026, 19:08:33 [32m    LOG[39m [38;5;3m[RoutesResolver] [39m[32mProfilesController {/api/v1/profiles}:[39m[38;5;3m +0ms[39m
[32m[Nest] 4564  - [39m25/04/2026, 19:08:33 [32m    LOG[39m [38;5;3m[RouterExplorer] [39m[32mMapped {/api/v1/profiles, GET} route[39m[38;5;3m +0ms[39m
[32m[Nest] 4564  - [39m25/04/2026, 19:08:33 [32m    LOG[39m [38;5;3m[RouterExplorer] [39m[32mMapped {/api/v1/profiles/:id, GET} route[39m[38;5;3m +0ms[39m
[32m[Nest] 4564  - [39m25/04/2026, 19:08:33 [32m    LOG[39m [38;5;3m[RouterExplorer] [39m[32mMapped {/api/v1/profiles, POST} route[39m[38;5;3m +0ms[39m
[32m[Nest] 4564  - [39m25/04/2026, 19:08:33 [32m    LOG[39m [38;5;3m[RouterExplorer] [39m[32mMapped {/api/v1/profiles/:id, PUT} route[39m[38;5;3m +0ms[39m
[32m[Nest] 4564  - [39m25/04/2026, 19:08:33 [32m    LOG[39m [38;5;3m[RouterExplorer] [39m[32mMapped {/api/v1/profiles/:id, DELETE} route[39m[38;5;3m +0ms[39m
[32m[Nest] 4564  - [39m25/04/2026, 19:08:33 [32m    LOG[39m [38;5;3m[RouterExplorer] [39m[32mMapped {/api/v1/profiles/:id/default, POST} route[39m[38;5;3m +0ms[39m
[32m[Nest] 4564  - [39m25/04/2026, 19:08:33 [32m    LOG[39m [38;5;3m[RouterExplorer] [39m[32mMapped {/api/v1/profiles/:id/verify-pin, POST} route[39m[38;5;3m +0ms[39m
[32m[Nest] 4564  - [39m25/04/2026, 19:08:33 [32m    LOG[39m [38;5;3m[RoutesResolver] [39m[32mContentController {/api/v1/content}:[39m[38;5;3m +0ms[39m
[32m[Nest] 4564  - [39m25/04/2026, 19:08:33 [32m    LOG[39m [38;5;3m[RouterExplorer] [39m[32mMapped {/api/v1/content, GET} route[39m[38;5;3m +1ms[39m
[32m[Nest] 4564  - [39m25/04/2026, 19:08:33 [32m    LOG[39m [38;5;3m[RouterExplorer] [39m[32mMapped {/api/v1/content/featured, GET} route[39m[38;5;3m +0ms[39m
[32m[Nest] 4564  - [39m25/04/2026, 19:08:33 [32m    LOG[39m [38;5;3m[RouterExplorer] [39m[32mMapped {/api/v1/content/trending, GET} route[39m[38;5;3m +0ms[39m
[32m[Nest] 4564  - [39m25/04/2026, 19:08:33 [32m    LOG[39m [38;5;3m[RouterExplorer] [39m[32mMapped {/api/v1/content/new-releases, GET} route[39m[38;5;3m +0ms[39m
[32m[Nest] 4564  - [39m25/04/2026, 19:08:33 [32m    LOG[39m [38;5;3m[RouterExplorer] [39m[32mMapped {/api/v1/content/genres, GET} route[39m[38;5;3m +0ms[39m
[32m[Nest] 4564  - [39m25/04/2026, 19:08:33 [32m    LOG[39m [38;5;3m[RouterExplorer] [39m[32mMapped {/api/v1/content/genre/:genre, GET} route[39m[38;5;3m +0ms[39m
[32m[Nest] 4564  - [39m25/04/2026, 19:08:33 [32m    LOG[39m [38;5;3m[RouterExplorer] [39m[32mMapped {/api/v1/content/continue-watching, GET} route[39m[38;5;3m +0ms[39m
[32m[Nest] 4564  - [39m25/04/2026, 19:08:33 [32m    LOG[39m [38;5;3m[RouterExplorer] [39m[32mMapped {/api/v1/content/:id, GET} route[39m[38;5;3m +0ms[39m
[32m[Nest] 4564  - [39m25/04/2026, 19:08:33 [32m    LOG[39m [38;5;3m[RouterExplorer] [39m[32mMapped {/api/v1/content/:id/signed-url, GET} route[39m[38;5;3m +1ms[39m
[32m[Nest] 4564  - [39m25/04/2026, 19:08:33 [32m    LOG[39m [38;5;3m[RouterExplorer] [39m[32mMapped {/api/v1/content, POST} route[39m[38;5;3m +0ms[39m
[32m[Nest] 4564  - [39m25/04/2026, 19:08:33 [32m    LOG[39m [38;5;3m[RouterExplorer] [39m[32mMapped {/api/v1/content/:id, PUT} route[39m[38;5;3m +0ms[39m
[32m[Nest] 4564  - [39m25/04/2026, 19:08:33 [32m    LOG[39m [38;5;3m[RouterExplorer] [39m[32mMapped {/api/v1/content/:id, DELETE} route[39m[38;5;3m +0ms[39m
[32m[Nest] 4564  - [39m25/04/2026, 19:08:33 [32m    LOG[39m [38;5;3m[RouterExplorer] [39m[32mMapped {/api/v1/content/:id/view, POST} route[39m[38;5;3m +0ms[39m
[32m[Nest] 4564  - [39m25/04/2026, 19:08:33 [32m    LOG[39m [38;5;3m[RoutesResolver] [39m[32mSeasonsController {/api/v1/seasons}:[39m[38;5;3m +0ms[39m
[32m[Nest] 4564  - [39m25/04/2026, 19:08:33 [32m    LOG[39m [38;5;3m[RouterExplorer] [39m[32mMapped {/api/v1/seasons/content/:contentId, GET} route[39m[38;5;3m +0ms[39m
[32m[Nest] 4564  - [39m25/04/2026, 19:08:33 [32m    LOG[39m [38;5;3m[RouterExplorer] [39m[32mMapped {/api/v1/seasons/:id, GET} route[39m[38;5;3m +0ms[39m
[32m[Nest] 4564  - [39m25/04/2026, 19:08:33 [32m    LOG[39m [38;5;3m[RouterExplorer] [39m[32mMapped {/api/v1/seasons, POST} route[39m[38;5;3m +0ms[39m
[32m[Nest] 4564  - [39m25/04/2026, 19:08:33 [32m    LOG[39m [38;5;3m[RouterExplorer] [39m[32mMapped {/api/v1/seasons/:id, PUT} route[39m[38;5;3m +1ms[39m
[32m[Nest] 4564  - [39m25/04/2026, 19:08:33 [32m    LOG[39m [38;5;3m[RouterExplorer] [39m[32mMapped {/api/v1/seasons/:id, DELETE} route[39m[38;5;3m +0ms[39m
[32m[Nest] 4564  - [39m25/04/2026, 19:08:33 [32m    LOG[39m [38;5;3m[RoutesResolver] [39m[32mEpisodesController {/api/v1/episodes}:[39m[38;5;3m +0ms[39m
[32m[Nest] 4564  - [39m25/04/2026, 19:08:33 [32m    LOG[39m [38;5;3m[RouterExplorer] [39m[32mMapped {/api/v1/episodes/season/:seasonId, GET} route[39m[38;5;3m +0ms[39m
[32m[Nest] 4564  - [39m25/04/2026, 19:08:33 [32m    LOG[39m [38;5;3m[RouterExplorer] [39m[32mMapped {/api/v1/episodes/:id, GET} route[39m[38;5;3m +0ms[39m
[32m[Nest] 4564  - [39m25/04/2026, 19:08:33 [32m    LOG[39m [38;5;3m[RouterExplorer] [39m[32mMapped {/api/v1/episodes, POST} route[39m[38;5;3m +0ms[39m
[32m[Nest] 4564  - [39m25/04/2026, 19:08:33 [32m    LOG[39m [38;5;3m[RouterExplorer] [39m[32mMapped {/api/v1/episodes/:id, PUT} route[39m[38;5;3m +0ms[39m
[32m[Nest] 4564  - [39m25/04/2026, 19:08:33 [32m    LOG[39m [38;5;3m[RouterExplorer] [39m[32mMapped {/api/v1/episodes/:id, DELETE} route[39m[38;5;3m +0ms[39m
[32m[Nest] 4564  - [39m25/04/2026, 19:08:33 [32m    LOG[39m [38;5;3m[RouterExplorer] [39m[32mMapped {/api/v1/episodes/:id/subtitles, POST} route[39m[38;5;3m +0ms[39m
[32m[Nest] 4564  - [39m25/04/2026, 19:08:33 [32m    LOG[39m [38;5;3m[RouterExplorer] [39m[32mMapped {/api/v1/episodes/subtitles/:subtitleId, DELETE} route[39m[38;5;3m +0ms[39m
[32m[Nest] 4564  - [39m25/04/2026, 19:08:33 [32m    LOG[39m [38;5;3m[RouterExplorer] [39m[32mMapped {/api/v1/episodes/:id/view, POST} route[39m[38;5;3m +1ms[39m
[32m[Nest] 4564  - [39m25/04/2026, 19:08:33 [32m    LOG[39m [38;5;3m[RoutesResolver] [39m[32mSubscriptionsController {/api/v1/subscriptions}:[39m[38;5;3m +0ms[39m
[32m[Nest] 4564  - [39m25/04/2026, 19:08:33 [32m    LOG[39m [38;5;3m[RouterExplorer] [39m[32mMapped {/api/v1/subscriptions/plans, GET} route[39m[38;5;3m +0ms[39m
[32m[Nest] 4564  - [39m25/04/2026, 19:08:33 [32m    LOG[39m [38;5;3m[RouterExplorer] [39m[32mMapped {/api/v1/subscriptions/plans/:id, GET} route[39m[38;5;3m +0ms[39m
[32m[Nest] 4564  - [39m25/04/2026, 19:08:33 [32m    LOG[39m [38;5;3m[RouterExplorer] [39m[32mMapped {/api/v1/subscriptions/my, GET} route[39m[38;5;3m +0ms[39m
[32m[Nest] 4564  - [39m25/04/2026, 19:08:33 [32m    LOG[39m [38;5;3m[RouterExplorer] [39m[32mMapped {/api/v1/subscriptions/cancel, POST} route[39m[38;5;3m +0ms[39m
[32m[Nest] 4564  - [39m25/04/2026, 19:08:33 [32m    LOG[39m [38;5;3m[RouterExplorer] [39m[32mMapped {/api/v1/subscriptions/plans, POST} route[39m[38;5;3m +0ms[39m
[32m[Nest] 4564  - [39m25/04/2026, 19:08:33 [32m    LOG[39m [38;5;3m[RouterExplorer] [39m[32mMapped {/api/v1/subscriptions/plans/:id, PUT} route[39m[38;5;3m +0ms[39m
[32m[Nest] 4564  - [39m25/04/2026, 19:08:33 [32m    LOG[39m [38;5;3m[RouterExplorer] [39m[32mMapped {/api/v1/subscriptions/stats, GET} route[39m[38;5;3m +0ms[39m
[32m[Nest] 4564  - [39m25/04/2026, 19:08:33 [32m    LOG[39m [38;5;3m[RoutesResolver] [39m[32mPaymentsController {/api/v1/payments}:[39m[38;5;3m +0ms[39m
[32m[Nest] 4564  - [39m25/04/2026, 19:08:33 [32m    LOG[39m [38;5;3m[RouterExplorer] [39m[32mMapped {/api/v1/payments/checkout, POST} route[39m[38;5;3m +0ms[39m
[32m[Nest] 4564  - [39m25/04/2026, 19:08:33 [32m    LOG[39m [38;5;3m[RouterExplorer] [39m[32mMapped {/api/v1/payments/stripe/verify-session, POST} route[39m[38;5;3m +1ms[39m
[32m[Nest] 4564  - [39m25/04/2026, 19:08:33 [32m    LOG[39m [38;5;3m[RouterExplorer] [39m[32mMapped {/api/v1/payments/paypal/create-order, POST} route[39m[38;5;3m +0ms[39m
[32m[Nest] 4564  - [39m25/04/2026, 19:08:33 [32m    LOG[39m [38;5;3m[RouterExplorer] [39m[32mMapped {/api/v1/payments/paypal/capture, POST} route[39m[38;5;3m +0ms[39m
[32m[Nest] 4564  - [39m25/04/2026, 19:08:33 [32m    LOG[39m [38;5;3m[RouterExplorer] [39m[32mMapped {/api/v1/payments/portal, POST} route[39m[38;5;3m +0ms[39m
[32m[Nest] 4564  - [39m25/04/2026, 19:08:33 [32m    LOG[39m [38;5;3m[RouterExplorer] [39m[32mMapped {/api/v1/payments/history, GET} route[39m[38;5;3m +0ms[39m
[32m[Nest] 4564  - [39m25/04/2026, 19:08:33 [32m    LOG[39m [38;5;3m[RouterExplorer] [39m[32mMapped {/api/v1/payments/revenue, GET} route[39m[38;5;3m +0ms[39m
[32m[Nest] 4564  - [39m25/04/2026, 19:08:33 [32m    LOG[39m [38;5;3m[RouterExplorer] [39m[32mMapped {/api/v1/payments/webhook, POST} route[39m[38;5;3m +0ms[39m
[32m[Nest] 4564  - [39m25/04/2026, 19:08:33 [32m    LOG[39m [38;5;3m[RoutesResolver] [39m[32mWatchHistoryController {/api/v1/watch-history}:[39m[38;5;3m +0ms[39m
[32m[Nest] 4564  - [39m25/04/2026, 19:08:33 [32m    LOG[39m [38;5;3m[RouterExplorer] [39m[32mMapped {/api/v1/watch-history/progress, POST} route[39m[38;5;3m +0ms[39m
[32m[Nest] 4564  - [39m25/04/2026, 19:08:33 [32m    LOG[39m [38;5;3m[RouterExplorer] [39m[32mMapped {/api/v1/watch-history, GET} route[39m[38;5;3m +0ms[39m
[32m[Nest] 4564  - [39m25/04/2026, 19:08:33 [32m    LOG[39m [38;5;3m[RouterExplorer] [39m[32mMapped {/api/v1/watch-history/continue-watching, GET} route[39m[38;5;3m +0ms[39m
[32m[Nest] 4564  - [39m25/04/2026, 19:08:33 [32m    LOG[39m [38;5;3m[RouterExplorer] [39m[32mMapped {/api/v1/watch-history/progress/:contentId, GET} route[39m[38;5;3m +1ms[39m
[32m[Nest] 4564  - [39m25/04/2026, 19:08:33 [32m    LOG[39m [38;5;3m[RouterExplorer] [39m[32mMapped {/api/v1/watch-history/:id, DELETE} route[39m[38;5;3m +0ms[39m
[32m[Nest] 4564  - [39m25/04/2026, 19:08:33 [32m    LOG[39m [38;5;3m[RouterExplorer] [39m[32mMapped {/api/v1/watch-history, DELETE} route[39m[38;5;3m +0ms[39m
[32m[Nest] 4564  - [39m25/04/2026, 19:08:33 [32m    LOG[39m [38;5;3m[RoutesResolver] [39m[32mRatingsController {/api/v1/ratings}:[39m[38;5;3m +0ms[39m
[32m[Nest] 4564  - [39m25/04/2026, 19:08:33 [32m    LOG[39m [38;5;3m[RouterExplorer] [39m[32mMapped {/api/v1/ratings, POST} route[39m[38;5;3m +0ms[39m
[32m[Nest] 4564  - [39m25/04/2026, 19:08:33 [32m    LOG[39m [38;5;3m[RouterExplorer] [39m[32mMapped {/api/v1/ratings/content/:contentId, GET} route[39m[38;5;3m +0ms[39m
[32m[Nest] 4564  - [39m25/04/2026, 19:08:33 [32m    LOG[39m [38;5;3m[RouterExplorer] [39m[32mMapped {/api/v1/ratings/my/:contentId, GET} route[39m[38;5;3m +0ms[39m
[32m[Nest] 4564  - [39m25/04/2026, 19:08:33 [32m    LOG[39m [38;5;3m[RouterExplorer] [39m[32mMapped {/api/v1/ratings/:id, DELETE} route[39m[38;5;3m +0ms[39m
[32m[Nest] 4564  - [39m25/04/2026, 19:08:33 [32m    LOG[39m [38;5;3m[RoutesResolver] [39m[32mFavoritesController {/api/v1/favorites}:[39m[38;5;3m +0ms[39m
[32m[Nest] 4564  - [39m25/04/2026, 19:08:33 [32m    LOG[39m [38;5;3m[RouterExplorer] [39m[32mMapped {/api/v1/favorites, GET} route[39m[38;5;3m +1ms[39m
[32m[Nest] 4564  - [39m25/04/2026, 19:08:33 [32m    LOG[39m [38;5;3m[RouterExplorer] [39m[32mMapped {/api/v1/favorites/:contentId, POST} route[39m[38;5;3m +0ms[39m
[32m[Nest] 4564  - [39m25/04/2026, 19:08:33 [32m    LOG[39m [38;5;3m[RouterExplorer] [39m[32mMapped {/api/v1/favorites/:contentId/check, GET} route[39m[38;5;3m +0ms[39m
[32m[Nest] 4564  - [39m25/04/2026, 19:08:33 [32m    LOG[39m [38;5;3m[RoutesResolver] [39m[32mRecommendationsController {/api/v1/recommendations}:[39m[38;5;3m +0ms[39m
[32m[Nest] 4564  - [39m25/04/2026, 19:08:33 [32m    LOG[39m [38;5;3m[RouterExplorer] [39m[32mMapped {/api/v1/recommendations, GET} route[39m[38;5;3m +0ms[39m
[32m[Nest] 4564  - [39m25/04/2026, 19:08:33 [32m    LOG[39m [38;5;3m[RouterExplorer] [39m[32mMapped {/api/v1/recommendations/similar/:contentId, GET} route[39m[38;5;3m +0ms[39m
[32m[Nest] 4564  - [39m25/04/2026, 19:08:33 [32m    LOG[39m [38;5;3m[RouterExplorer] [39m[32mMapped {/api/v1/recommendations/top-rated, GET} route[39m[38;5;3m +0ms[39m
[32m[Nest] 4564  - [39m25/04/2026, 19:08:33 [32m    LOG[39m [38;5;3m[RoutesResolver] [39m[32mAdminController {/api/v1/admin}:[39m[38;5;3m +0ms[39m
[32m[Nest] 4564  - [39m25/04/2026, 19:08:33 [32m    LOG[39m [38;5;3m[RouterExplorer] [39m[32mMapped {/api/v1/admin/dashboard, GET} route[39m[38;5;3m +0ms[39m
[32m[Nest] 4564  - [39m25/04/2026, 19:08:33 [32m    LOG[39m [38;5;3m[RoutesResolver] [39m[32mAnalyticsController {/api/v1/analytics}:[39m[38;5;3m +0ms[39m
[32m[Nest] 4564  - [39m25/04/2026, 19:08:33 [32m    LOG[39m [38;5;3m[RouterExplorer] [39m[32mMapped {/api/v1/analytics/dashboard, GET} route[39m[38;5;3m +0ms[39m
[32m[Nest] 4564  - [39m25/04/2026, 19:08:33 [32m    LOG[39m [38;5;3m[RouterExplorer] [39m[32mMapped {/api/v1/analytics/most-watched, GET} route[39m[38;5;3m +0ms[39m
[32m[Nest] 4564  - [39m25/04/2026, 19:08:33 [32m    LOG[39m [38;5;3m[RouterExplorer] [39m[32mMapped {/api/v1/analytics/user-growth, GET} route[39m[38;5;3m +0ms[39m
[32m[Nest] 4564  - [39m25/04/2026, 19:08:33 [32m    LOG[39m [38;5;3m[RouterExplorer] [39m[32mMapped {/api/v1/analytics/revenue, GET} route[39m[38;5;3m +1ms[39m
[32m[Nest] 4564  - [39m25/04/2026, 19:08:33 [32m    LOG[39m [38;5;3m[RouterExplorer] [39m[32mMapped {/api/v1/analytics/content-types, GET} route[39m[38;5;3m +0ms[39m
[32m[Nest] 4564  - [39m25/04/2026, 19:08:33 [32m    LOG[39m [38;5;3m[RouterExplorer] [39m[32mMapped {/api/v1/analytics/subscriptions, GET} route[39m[38;5;3m +0ms[39m
[32m[Nest] 4564  - [39m25/04/2026, 19:08:33 [32m    LOG[39m [38;5;3m[RouterExplorer] [39m[32mMapped {/api/v1/analytics/watch-time, GET} route[39m[38;5;3m +0ms[39m
[32m[Nest] 4564  - [39m25/04/2026, 19:08:33 [32m    LOG[39m [38;5;3m[RoutesResolver] [39m[32mUploadsController {/api/v1/uploads}:[39m[38;5;3m +0ms[39m
[32m[Nest] 4564  - [39m25/04/2026, 19:08:33 [32m    LOG[39m [38;5;3m[RouterExplorer] [39m[32mMapped {/api/v1/uploads/image/:type, POST} route[39m[38;5;3m +0ms[39m
[32m[Nest] 4564  - [39m25/04/2026, 19:08:33 [32m    LOG[39m [38;5;3m[RouterExplorer] [39m[32mMapped {/api/v1/uploads/:filename, GET} route[39m[38;5;3m +0ms[39m
[32m[Nest] 4564  - [39m25/04/2026, 19:08:33 [32m    LOG[39m [38;5;3m[RoutesResolver] [39m[32mHealthController {/api/v1/health}:[39m[38;5;3m +0ms[39m
[32m[Nest] 4564  - [39m25/04/2026, 19:08:33 [32m    LOG[39m [38;5;3m[RouterExplorer] [39m[32mMapped {/api/v1/health, GET} route[39m[38;5;3m +0ms[39m
[32m[Nest] 4564  - [39m25/04/2026, 19:08:33 [32m    LOG[39m [38;5;3m[PrismaService] [39m[32mConnected to PostgreSQL database[39m
[32m[Nest] 4564  - [39m25/04/2026, 19:08:33 [32m    LOG[39m [38;5;3m[NestApplication] [39m[32mNest application successfully started[39m[38;5;3m +2ms[39m

🎬 Nexora Backend running on http://localhost:4000
📚 Swagger docs at http://localhost:4000/api/docs

prisma:query SELECT 1
prisma:query SELECT "public"."User"."id", "public"."User"."email", "public"."User"."password", "public"."User"."googleId", "public"."User"."role"::text, "public"."User"."isEmailVerified", "public"."User"."emailVerifyToken", "public"."User"."resetPasswordToken", "public"."User"."resetPasswordExpires", "public"."User"."refreshToken", "public"."User"."isBlocked", "public"."User"."lastLoginAt", "public"."User"."createdAt", "public"."User"."updatedAt" FROM "public"."User" WHERE ("public"."User"."id" = $1 AND 1=1) LIMIT $2 OFFSET $3
prisma:query UPDATE "public"."User" SET "refreshToken" = $1, "updatedAt" = $2 WHERE ("public"."User"."id" = $3 AND 1=1) RETURNING "public"."User"."id", "public"."User"."email", "public"."User"."password", "public"."User"."googleId", "public"."User"."role"::text, "public"."User"."isEmailVerified", "public"."User"."emailVerifyToken", "public"."User"."resetPasswordToken", "public"."User"."resetPasswordExpires", "public"."User"."refreshToken", "public"."User"."isBlocked", "public"."User"."lastLoginAt", "public"."User"."createdAt", "public"."User"."updatedAt"
[32m[Nest] 4564  - [39m25/04/2026, 19:10:06 [32m    LOG[39m [38;5;3m[HTTP] [39m[32mPOST /api/v1/auth/refresh 200 +69ms[39m
prisma:query SELECT "public"."User"."id", "public"."User"."email", "public"."User"."password", "public"."User"."googleId", "public"."User"."role"::text, "public"."User"."isEmailVerified", "public"."User"."emailVerifyToken", "public"."User"."resetPasswordToken", "public"."User"."resetPasswordExpires", "public"."User"."refreshToken", "public"."User"."isBlocked", "public"."User"."lastLoginAt", "public"."User"."createdAt", "public"."User"."updatedAt" FROM "public"."User" WHERE ("public"."User"."id" = $1 AND 1=1) LIMIT $2 OFFSET $3
prisma:query SELECT "public"."User"."id", "public"."User"."email", "public"."User"."password", "public"."User"."googleId", "public"."User"."role"::text, "public"."User"."isEmailVerified", "public"."User"."emailVerifyToken", "public"."User"."resetPasswordToken", "public"."User"."resetPasswordExpires", "public"."User"."refreshToken", "public"."User"."isBlocked", "public"."User"."lastLoginAt", "public"."User"."createdAt", "public"."User"."updatedAt" FROM "public"."User" WHERE ("public"."User"."id" = $1 AND 1=1) LIMIT $2 OFFSET $3
prisma:query SELECT "public"."User"."id", "public"."User"."email", "public"."User"."password", "public"."User"."googleId", "public"."User"."role"::text, "public"."User"."isEmailVerified", "public"."User"."emailVerifyToken", "public"."User"."resetPasswordToken", "public"."User"."resetPasswordExpires", "public"."User"."refreshToken", "public"."User"."isBlocked", "public"."User"."lastLoginAt", "public"."User"."createdAt", "public"."User"."updatedAt" FROM "public"."User" WHERE ("public"."User"."id" = $1 AND 1=1) LIMIT $2 OFFSET $3
prisma:query SELECT "public"."Notification"."id", "public"."Notification"."userId", "public"."Notification"."title", "public"."Notification"."message", "public"."Notification"."type", "public"."Notification"."isRead", "public"."Notification"."metadata", "public"."Notification"."createdAt" FROM "public"."Notification" WHERE "public"."Notification"."userId" = $1 ORDER BY "public"."Notification"."createdAt" DESC LIMIT $2 OFFSET $3
[32m[Nest] 4564  - [39m25/04/2026, 19:10:06 [32m    LOG[39m [38;5;3m[HTTP] [39m[32mGET /api/v1/notifications 200 +6ms[39m
prisma:query SELECT "public"."User"."id", "public"."User"."email", "public"."User"."password", "public"."User"."googleId", "public"."User"."role"::text, "public"."User"."isEmailVerified", "public"."User"."emailVerifyToken", "public"."User"."resetPasswordToken", "public"."User"."resetPasswordExpires", "public"."User"."refreshToken", "public"."User"."isBlocked", "public"."User"."lastLoginAt", "public"."User"."createdAt", "public"."User"."updatedAt" FROM "public"."User" WHERE ("public"."User"."id" = $1 AND 1=1) LIMIT $2 OFFSET $3
prisma:query SELECT COUNT(*) FROM (SELECT "public"."Notification"."id" FROM "public"."Notification" WHERE ("public"."Notification"."userId" = $1 AND "public"."Notification"."isRead" = $2) OFFSET $3) AS "sub"
[32m[Nest] 4564  - [39m25/04/2026, 19:10:06 [32m    LOG[39m [38;5;3m[HTTP] [39m[32mGET /api/v1/notifications/unread-count 200 +4ms[39m
prisma:query SELECT "public"."User"."id", "public"."User"."email", "public"."User"."password", "public"."User"."googleId", "public"."User"."role"::text, "public"."User"."isEmailVerified", "public"."User"."emailVerifyToken", "public"."User"."resetPasswordToken", "public"."User"."resetPasswordExpires", "public"."User"."refreshToken", "public"."User"."isBlocked", "public"."User"."lastLoginAt", "public"."User"."createdAt", "public"."User"."updatedAt" FROM "public"."User" WHERE ("public"."User"."id" = $1 AND 1=1) LIMIT $2 OFFSET $3
prisma:query SELECT "public"."User"."id", "public"."User"."email", "public"."User"."password", "public"."User"."googleId", "public"."User"."role"::text, "public"."User"."isEmailVerified", "public"."User"."emailVerifyToken", "public"."User"."resetPasswordToken", "public"."User"."resetPasswordExpires", "public"."User"."refreshToken", "public"."User"."isBlocked", "public"."User"."lastLoginAt", "public"."User"."createdAt", "public"."User"."updatedAt" FROM "public"."User" WHERE ("public"."User"."id" = $1 AND 1=1) LIMIT $2 OFFSET $3
prisma:query SELECT "public"."Plan"."id", "public"."Plan"."name", "public"."Plan"."planType"::text, "public"."Plan"."price", "public"."Plan"."currency", "public"."Plan"."description", "public"."Plan"."features", "public"."Plan"."maxProfiles", "public"."Plan"."maxDevices", "public"."Plan"."videoQuality", "public"."Plan"."hasDownloads", "public"."Plan"."trialDays", "public"."Plan"."stripeProductId", "public"."Plan"."stripePriceId", "public"."Plan"."isActive", "public"."Plan"."createdAt", "public"."Plan"."updatedAt" FROM "public"."Plan" WHERE "public"."Plan"."isActive" = $1 ORDER BY "public"."Plan"."price" ASC OFFSET $2
[32m[Nest] 4564  - [39m25/04/2026, 19:10:19 [32m    LOG[39m [38;5;3m[HTTP] [39m[32mGET /api/v1/subscriptions/plans 200 +9ms[39m
prisma:query SELECT "public"."User"."id", "public"."User"."email", "public"."User"."password", "public"."User"."googleId", "public"."User"."role"::text, "public"."User"."isEmailVerified", "public"."User"."emailVerifyToken", "public"."User"."resetPasswordToken", "public"."User"."resetPasswordExpires", "public"."User"."refreshToken", "public"."User"."isBlocked", "public"."User"."lastLoginAt", "public"."User"."createdAt", "public"."User"."updatedAt" FROM "public"."User" WHERE ("public"."User"."id" = $1 AND 1=1) LIMIT $2 OFFSET $3
prisma:query SELECT "public"."User"."id", "public"."User"."email", "public"."User"."password", "public"."User"."googleId", "public"."User"."role"::text, "public"."User"."isEmailVerified", "public"."User"."emailVerifyToken", "public"."User"."resetPasswordToken", "public"."User"."resetPasswordExpires", "public"."User"."refreshToken", "public"."User"."isBlocked", "public"."User"."lastLoginAt", "public"."User"."createdAt", "public"."User"."updatedAt" FROM "public"."User" WHERE ("public"."User"."id" = $1 AND 1=1) LIMIT $2 OFFSET $3
prisma:query SELECT "public"."User"."id", "public"."User"."email", "public"."User"."password", "public"."User"."googleId", "public"."User"."role"::text, "public"."User"."isEmailVerified", "public"."User"."emailVerifyToken", "public"."User"."resetPasswordToken", "public"."User"."resetPasswordExpires", "public"."User"."refreshToken", "public"."User"."isBlocked", "public"."User"."lastLoginAt", "public"."User"."createdAt", "public"."User"."updatedAt" FROM "public"."User" WHERE ("public"."User"."id" = $1 AND 1=1) LIMIT $2 OFFSET $3
prisma:query SELECT "public"."User"."id", "public"."User"."email", "public"."User"."password", "public"."User"."googleId", "public"."User"."role"::text, "public"."User"."isEmailVerified", "public"."User"."emailVerifyToken", "public"."User"."resetPasswordToken", "public"."User"."resetPasswordExpires", "public"."User"."refreshToken", "public"."User"."isBlocked", "public"."User"."lastLoginAt", "public"."User"."createdAt", "public"."User"."updatedAt" FROM "public"."User" WHERE ("public"."User"."id" = $1 AND 1=1) LIMIT $2 OFFSET $3
prisma:query SELECT COUNT(*) FROM (SELECT "public"."Notification"."id" FROM "public"."Notification" WHERE ("public"."Notification"."userId" = $1 AND "public"."Notification"."isRead" = $2) OFFSET $3) AS "sub"
prisma:query SELECT "public"."Notification"."id", "public"."Notification"."userId", "public"."Notification"."title", "public"."Notification"."message", "public"."Notification"."type", "public"."Notification"."isRead", "public"."Notification"."metadata", "public"."Notification"."createdAt" FROM "public"."Notification" WHERE "public"."Notification"."userId" = $1 ORDER BY "public"."Notification"."createdAt" DESC LIMIT $2 OFFSET $3
[32m[Nest] 4564  - [39m25/04/2026, 19:10:19 [32m    LOG[39m [38;5;3m[HTTP] [39m[32mGET /api/v1/notifications/unread-count 200 +4ms[39m
[32m[Nest] 4564  - [39m25/04/2026, 19:10:19 [32m    LOG[39m [38;5;3m[HTTP] [39m[32mGET /api/v1/notifications 200 +5ms[39m
prisma:query SELECT "public"."Subscription"."id", "public"."Subscription"."userId", "public"."Subscription"."planId", "public"."Subscription"."status"::text, "public"."Subscription"."currentPeriodStart", "public"."Subscription"."currentPeriodEnd", "public"."Subscription"."trialStart", "public"."Subscription"."trialEnd", "public"."Subscription"."cancelAtPeriodEnd", "public"."Subscription"."stripeSubscriptionId", "public"."Subscription"."stripeCustomerId", "public"."Subscription"."createdAt", "public"."Subscription"."updatedAt" FROM "public"."Subscription" WHERE ("public"."Subscription"."userId" = $1 AND 1=1) LIMIT $2 OFFSET $3
prisma:query SELECT "public"."Plan"."id", "public"."Plan"."name", "public"."Plan"."planType"::text, "public"."Plan"."price", "public"."Plan"."currency", "public"."Plan"."description", "public"."Plan"."features", "public"."Plan"."maxProfiles", "public"."Plan"."maxDevices", "public"."Plan"."videoQuality", "public"."Plan"."hasDownloads", "public"."Plan"."trialDays", "public"."Plan"."stripeProductId", "public"."Plan"."stripePriceId", "public"."Plan"."isActive", "public"."Plan"."createdAt", "public"."Plan"."updatedAt" FROM "public"."Plan" WHERE "public"."Plan"."id" IN ($1) OFFSET $2
[32m[Nest] 4564  - [39m25/04/2026, 19:10:19 [32m    LOG[39m [38;5;3m[HTTP] [39m[32mGET /api/v1/subscriptions/my 200 +11ms[39m
prisma:query SELECT 1
prisma:query SELECT 1
prisma:query SELECT "public"."User"."id", "public"."User"."email", "public"."User"."password", "public"."User"."googleId", "public"."User"."role"::text, "public"."User"."isEmailVerified", "public"."User"."emailVerifyToken", "public"."User"."resetPasswordToken", "public"."User"."resetPasswordExpires", "public"."User"."refreshToken", "public"."User"."isBlocked", "public"."User"."lastLoginAt", "public"."User"."createdAt", "public"."User"."updatedAt" FROM "public"."User" WHERE ("public"."User"."id" = $1 AND 1=1) LIMIT $2 OFFSET $3
prisma:query SELECT "public"."User"."id", "public"."User"."email", "public"."User"."password", "public"."User"."googleId", "public"."User"."role"::text, "public"."User"."isEmailVerified", "public"."User"."emailVerifyToken", "public"."User"."resetPasswordToken", "public"."User"."resetPasswordExpires", "public"."User"."refreshToken", "public"."User"."isBlocked", "public"."User"."lastLoginAt", "public"."User"."createdAt", "public"."User"."updatedAt" FROM "public"."User" WHERE ("public"."User"."id" = $1 AND 1=1) LIMIT $2 OFFSET $3
prisma:query SELECT "public"."User"."id", "public"."User"."email", "public"."User"."password", "public"."User"."googleId", "public"."User"."role"::text, "public"."User"."isEmailVerified", "public"."User"."emailVerifyToken", "public"."User"."resetPasswordToken", "public"."User"."resetPasswordExpires", "public"."User"."refreshToken", "public"."User"."isBlocked", "public"."User"."lastLoginAt", "public"."User"."createdAt", "public"."User"."updatedAt" FROM "public"."User" WHERE ("public"."User"."id" = $1 AND 1=1) LIMIT $2 OFFSET $3
prisma:query SELECT "public"."User"."id", "public"."User"."email", "public"."User"."password", "public"."User"."googleId", "public"."User"."role"::text, "public"."User"."isEmailVerified", "public"."User"."emailVerifyToken", "public"."User"."resetPasswordToken", "public"."User"."resetPasswordExpires", "public"."User"."refreshToken", "public"."User"."isBlocked", "public"."User"."lastLoginAt", "public"."User"."createdAt", "public"."User"."updatedAt" FROM "public"."User" WHERE ("public"."User"."id" = $1 AND 1=1) LIMIT $2 OFFSET $3
prisma:query SELECT COUNT(*) FROM (SELECT "public"."Notification"."id" FROM "public"."Notification" WHERE ("public"."Notification"."userId" = $1 AND "public"."Notification"."isRead" = $2) OFFSET $3) AS "sub"
[32m[Nest] 4564  - [39m25/04/2026, 19:10:49 [32m    LOG[39m [38;5;3m[HTTP] [39m[32mGET /api/v1/notifications/unread-count 200 +3ms[39m
prisma:query SELECT "public"."Notification"."id", "public"."Notification"."userId", "public"."Notification"."title", "public"."Notification"."message", "public"."Notification"."type", "public"."Notification"."isRead", "public"."Notification"."metadata", "public"."Notification"."createdAt" FROM "public"."Notification" WHERE "public"."Notification"."userId" = $1 ORDER BY "public"."Notification"."createdAt" DESC LIMIT $2 OFFSET $3
[32m[Nest] 4564  - [39m25/04/2026, 19:10:49 [32m    LOG[39m [38;5;3m[HTTP] [39m[32mGET /api/v1/notifications 200 +2ms[39m
prisma:query SELECT 1
prisma:query SELECT 1
prisma:query SELECT "public"."User"."id", "public"."User"."email", "public"."User"."password", "public"."User"."googleId", "public"."User"."role"::text, "public"."User"."isEmailVerified", "public"."User"."emailVerifyToken", "public"."User"."resetPasswordToken", "public"."User"."resetPasswordExpires", "public"."User"."refreshToken", "public"."User"."isBlocked", "public"."User"."lastLoginAt", "public"."User"."createdAt", "public"."User"."updatedAt" FROM "public"."User" WHERE ("public"."User"."id" = $1 AND 1=1) LIMIT $2 OFFSET $3
prisma:query SELECT "public"."User"."id", "public"."User"."email", "public"."User"."password", "public"."User"."googleId", "public"."User"."role"::text, "public"."User"."isEmailVerified", "public"."User"."emailVerifyToken", "public"."User"."resetPasswordToken", "public"."User"."resetPasswordExpires", "public"."User"."refreshToken", "public"."User"."isBlocked", "public"."User"."lastLoginAt", "public"."User"."createdAt", "public"."User"."updatedAt" FROM "public"."User" WHERE ("public"."User"."id" = $1 AND 1=1) LIMIT $2 OFFSET $3
prisma:query SELECT "public"."User"."id", "public"."User"."email", "public"."User"."password", "public"."User"."googleId", "public"."User"."role"::text, "public"."User"."isEmailVerified", "public"."User"."emailVerifyToken", "public"."User"."resetPasswordToken", "public"."User"."resetPasswordExpires", "public"."User"."refreshToken", "public"."User"."isBlocked", "public"."User"."lastLoginAt", "public"."User"."createdAt", "public"."User"."updatedAt" FROM "public"."User" WHERE ("public"."User"."id" = $1 AND 1=1) LIMIT $2 OFFSET $3
prisma:query SELECT "public"."User"."id", "public"."User"."email", "public"."User"."password", "public"."User"."googleId", "public"."User"."role"::text, "public"."User"."isEmailVerified", "public"."User"."emailVerifyToken", "public"."User"."resetPasswordToken", "public"."User"."resetPasswordExpires", "public"."User"."refreshToken", "public"."User"."isBlocked", "public"."User"."lastLoginAt", "public"."User"."createdAt", "public"."User"."updatedAt" FROM "public"."User" WHERE ("public"."User"."id" = $1 AND 1=1) LIMIT $2 OFFSET $3
prisma:query SELECT COUNT(*) FROM (SELECT "public"."Notification"."id" FROM "public"."Notification" WHERE ("public"."Notification"."userId" = $1 AND "public"."Notification"."isRead" = $2) OFFSET $3) AS "sub"
[32m[Nest] 4564  - [39m25/04/2026, 19:11:19 [32m    LOG[39m [38;5;3m[HTTP] [39m[32mGET /api/v1/notifications/unread-count 200 +2ms[39m
prisma:query SELECT "public"."Notification"."id", "public"."Notification"."userId", "public"."Notification"."title", "public"."Notification"."message", "public"."Notification"."type", "public"."Notification"."isRead", "public"."Notification"."metadata", "public"."Notification"."createdAt" FROM "public"."Notification" WHERE "public"."Notification"."userId" = $1 ORDER BY "public"."Notification"."createdAt" DESC LIMIT $2 OFFSET $3
[32m[Nest] 4564  - [39m25/04/2026, 19:11:19 [32m    LOG[39m [38;5;3m[HTTP] [39m[32mGET /api/v1/notifications 200 +2ms[39m
prisma:query SELECT 1
prisma:query SELECT 1
prisma:query SELECT "public"."User"."id", "public"."User"."email", "public"."User"."password", "public"."User"."googleId", "public"."User"."role"::text, "public"."User"."isEmailVerified", "public"."User"."emailVerifyToken", "public"."User"."resetPasswordToken", "public"."User"."resetPasswordExpires", "public"."User"."refreshToken", "public"."User"."isBlocked", "public"."User"."lastLoginAt", "public"."User"."createdAt", "public"."User"."updatedAt" FROM "public"."User" WHERE ("public"."User"."id" = $1 AND 1=1) LIMIT $2 OFFSET $3
prisma:query SELECT "public"."User"."id", "public"."User"."email", "public"."User"."password", "public"."User"."googleId", "public"."User"."role"::text, "public"."User"."isEmailVerified", "public"."User"."emailVerifyToken", "public"."User"."resetPasswordToken", "public"."User"."resetPasswordExpires", "public"."User"."refreshToken", "public"."User"."isBlocked", "public"."User"."lastLoginAt", "public"."User"."createdAt", "public"."User"."updatedAt" FROM "public"."User" WHERE ("public"."User"."id" = $1 AND 1=1) LIMIT $2 OFFSET $3
prisma:query SELECT "public"."User"."id", "public"."User"."email", "public"."User"."password", "public"."User"."googleId", "public"."User"."role"::text, "public"."User"."isEmailVerified", "public"."User"."emailVerifyToken", "public"."User"."resetPasswordToken", "public"."User"."resetPasswordExpires", "public"."User"."refreshToken", "public"."User"."isBlocked", "public"."User"."lastLoginAt", "public"."User"."createdAt", "public"."User"."updatedAt" FROM "public"."User" WHERE ("public"."User"."id" = $1 AND 1=1) LIMIT $2 OFFSET $3
prisma:query SELECT "public"."User"."id", "public"."User"."email", "public"."User"."password", "public"."User"."googleId", "public"."User"."role"::text, "public"."User"."isEmailVerified", "public"."User"."emailVerifyToken", "public"."User"."resetPasswordToken", "public"."User"."resetPasswordExpires", "public"."User"."refreshToken", "public"."User"."isBlocked", "public"."User"."lastLoginAt", "public"."User"."createdAt", "public"."User"."updatedAt" FROM "public"."User" WHERE ("public"."User"."id" = $1 AND 1=1) LIMIT $2 OFFSET $3
prisma:query SELECT COUNT(*) FROM (SELECT "public"."Notification"."id" FROM "public"."Notification" WHERE ("public"."Notification"."userId" = $1 AND "public"."Notification"."isRead" = $2) OFFSET $3) AS "sub"
[32m[Nest] 4564  - [39m25/04/2026, 19:11:49 [32m    LOG[39m [38;5;3m[HTTP] [39m[32mGET /api/v1/notifications/unread-count 200 +2ms[39m
prisma:query SELECT "public"."Notification"."id", "public"."Notification"."userId", "public"."Notification"."title", "public"."Notification"."message", "public"."Notification"."type", "public"."Notification"."isRead", "public"."Notification"."metadata", "public"."Notification"."createdAt" FROM "public"."Notification" WHERE "public"."Notification"."userId" = $1 ORDER BY "public"."Notification"."createdAt" DESC LIMIT $2 OFFSET $3
[32m[Nest] 4564  - [39m25/04/2026, 19:11:49 [32m    LOG[39m [38;5;3m[HTTP] [39m[32mGET /api/v1/notifications 200 +2ms[39m
prisma:query SELECT 1
prisma:query SELECT "public"."User"."id", "public"."User"."email", "public"."User"."password", "public"."User"."googleId", "public"."User"."role"::text, "public"."User"."isEmailVerified", "public"."User"."emailVerifyToken", "public"."User"."resetPasswordToken", "public"."User"."resetPasswordExpires", "public"."User"."refreshToken", "public"."User"."isBlocked", "public"."User"."lastLoginAt", "public"."User"."createdAt", "public"."User"."updatedAt" FROM "public"."User" WHERE ("public"."User"."id" = $1 AND 1=1) LIMIT $2 OFFSET $3
prisma:query SELECT 1
prisma:query SELECT "public"."User"."id", "public"."User"."email", "public"."User"."password", "public"."User"."googleId", "public"."User"."role"::text, "public"."User"."isEmailVerified", "public"."User"."emailVerifyToken", "public"."User"."resetPasswordToken", "public"."User"."resetPasswordExpires", "public"."User"."refreshToken", "public"."User"."isBlocked", "public"."User"."lastLoginAt", "public"."User"."createdAt", "public"."User"."updatedAt" FROM "public"."User" WHERE ("public"."User"."id" = $1 AND 1=1) LIMIT $2 OFFSET $3
prisma:query SELECT "public"."User"."id", "public"."User"."email", "public"."User"."password", "public"."User"."googleId", "public"."User"."role"::text, "public"."User"."isEmailVerified", "public"."User"."emailVerifyToken", "public"."User"."resetPasswordToken", "public"."User"."resetPasswordExpires", "public"."User"."refreshToken", "public"."User"."isBlocked", "public"."User"."lastLoginAt", "public"."User"."createdAt", "public"."User"."updatedAt" FROM "public"."User" WHERE ("public"."User"."id" = $1 AND 1=1) LIMIT $2 OFFSET $3
prisma:query SELECT "public"."User"."id", "public"."User"."email", "public"."User"."password", "public"."User"."googleId", "public"."User"."role"::text, "public"."User"."isEmailVerified", "public"."User"."emailVerifyToken", "public"."User"."resetPasswordToken", "public"."User"."resetPasswordExpires", "public"."User"."refreshToken", "public"."User"."isBlocked", "public"."User"."lastLoginAt", "public"."User"."createdAt", "public"."User"."updatedAt" FROM "public"."User" WHERE ("public"."User"."id" = $1 AND 1=1) LIMIT $2 OFFSET $3
prisma:query SELECT COUNT(*) FROM (SELECT "public"."Notification"."id" FROM "public"."Notification" WHERE ("public"."Notification"."userId" = $1 AND "public"."Notification"."isRead" = $2) OFFSET $3) AS "sub"
prisma:query SELECT "public"."Notification"."id", "public"."Notification"."userId", "public"."Notification"."title", "public"."Notification"."message", "public"."Notification"."type", "public"."Notification"."isRead", "public"."Notification"."metadata", "public"."Notification"."createdAt" FROM "public"."Notification" WHERE "public"."Notification"."userId" = $1 ORDER BY "public"."Notification"."createdAt" DESC LIMIT $2 OFFSET $3
[32m[Nest] 4564  - [39m25/04/2026, 19:12:19 [32m    LOG[39m [38;5;3m[HTTP] [39m[32mGET /api/v1/notifications/unread-count 200 +2ms[39m
[32m[Nest] 4564  - [39m25/04/2026, 19:12:19 [32m    LOG[39m [38;5;3m[HTTP] [39m[32mGET /api/v1/notifications 200 +2ms[39m
prisma:query SELECT 1
prisma:query SELECT "public"."User"."id", "public"."User"."email", "public"."User"."password", "public"."User"."googleId", "public"."User"."role"::text, "public"."User"."isEmailVerified", "public"."User"."emailVerifyToken", "public"."User"."resetPasswordToken", "public"."User"."resetPasswordExpires", "public"."User"."refreshToken", "public"."User"."isBlocked", "public"."User"."lastLoginAt", "public"."User"."createdAt", "public"."User"."updatedAt" FROM "public"."User" WHERE ("public"."User"."id" = $1 AND 1=1) LIMIT $2 OFFSET $3
prisma:query SELECT 1
prisma:query SELECT "public"."User"."id", "public"."User"."email", "public"."User"."password", "public"."User"."googleId", "public"."User"."role"::text, "public"."User"."isEmailVerified", "public"."User"."emailVerifyToken", "public"."User"."resetPasswordToken", "public"."User"."resetPasswordExpires", "public"."User"."refreshToken", "public"."User"."isBlocked", "public"."User"."lastLoginAt", "public"."User"."createdAt", "public"."User"."updatedAt" FROM "public"."User" WHERE ("public"."User"."id" = $1 AND 1=1) LIMIT $2 OFFSET $3
prisma:query SELECT "public"."User"."id", "public"."User"."email", "public"."User"."password", "public"."User"."googleId", "public"."User"."role"::text, "public"."User"."isEmailVerified", "public"."User"."emailVerifyToken", "public"."User"."resetPasswordToken", "public"."User"."resetPasswordExpires", "public"."User"."refreshToken", "public"."User"."isBlocked", "public"."User"."lastLoginAt", "public"."User"."createdAt", "public"."User"."updatedAt" FROM "public"."User" WHERE ("public"."User"."id" = $1 AND 1=1) LIMIT $2 OFFSET $3
prisma:query SELECT "public"."User"."id", "public"."User"."email", "public"."User"."password", "public"."User"."googleId", "public"."User"."role"::text, "public"."User"."isEmailVerified", "public"."User"."emailVerifyToken", "public"."User"."resetPasswordToken", "public"."User"."resetPasswordExpires", "public"."User"."refreshToken", "public"."User"."isBlocked", "public"."User"."lastLoginAt", "public"."User"."createdAt", "public"."User"."updatedAt" FROM "public"."User" WHERE ("public"."User"."id" = $1 AND 1=1) LIMIT $2 OFFSET $3
prisma:query SELECT COUNT(*) FROM (SELECT "public"."Notification"."id" FROM "public"."Notification" WHERE ("public"."Notification"."userId" = $1 AND "public"."Notification"."isRead" = $2) OFFSET $3) AS "sub"
[32m[Nest] 4564  - [39m25/04/2026, 19:12:49 [32m    LOG[39m [38;5;3m[HTTP] [39m[32mGET /api/v1/notifications/unread-count 200 +1ms[39m
prisma:query SELECT "public"."Notification"."id", "public"."Notification"."userId", "public"."Notification"."title", "public"."Notification"."message", "public"."Notification"."type", "public"."Notification"."isRead", "public"."Notification"."metadata", "public"."Notification"."createdAt" FROM "public"."Notification" WHERE "public"."Notification"."userId" = $1 ORDER BY "public"."Notification"."createdAt" DESC LIMIT $2 OFFSET $3
[32m[Nest] 4564  - [39m25/04/2026, 19:12:49 [32m    LOG[39m [38;5;3m[HTTP] [39m[32mGET /api/v1/notifications 200 +2ms[39m
prisma:query SELECT 1
prisma:query SELECT "public"."User"."id", "public"."User"."email", "public"."User"."password", "public"."User"."googleId", "public"."User"."role"::text, "public"."User"."isEmailVerified", "public"."User"."emailVerifyToken", "public"."User"."resetPasswordToken", "public"."User"."resetPasswordExpires", "public"."User"."refreshToken", "public"."User"."isBlocked", "public"."User"."lastLoginAt", "public"."User"."createdAt", "public"."User"."updatedAt" FROM "public"."User" WHERE ("public"."User"."id" = $1 AND 1=1) LIMIT $2 OFFSET $3
prisma:query SELECT 1
prisma:query SELECT "public"."User"."id", "public"."User"."email", "public"."User"."password", "public"."User"."googleId", "public"."User"."role"::text, "public"."User"."isEmailVerified", "public"."User"."emailVerifyToken", "public"."User"."resetPasswordToken", "public"."User"."resetPasswordExpires", "public"."User"."refreshToken", "public"."User"."isBlocked", "public"."User"."lastLoginAt", "public"."User"."createdAt", "public"."User"."updatedAt" FROM "public"."User" WHERE ("public"."User"."id" = $1 AND 1=1) LIMIT $2 OFFSET $3
prisma:query SELECT "public"."User"."id", "public"."User"."email", "public"."User"."password", "public"."User"."googleId", "public"."User"."role"::text, "public"."User"."isEmailVerified", "public"."User"."emailVerifyToken", "public"."User"."resetPasswordToken", "public"."User"."resetPasswordExpires", "public"."User"."refreshToken", "public"."User"."isBlocked", "public"."User"."lastLoginAt", "public"."User"."createdAt", "public"."User"."updatedAt" FROM "public"."User" WHERE ("public"."User"."id" = $1 AND 1=1) LIMIT $2 OFFSET $3
prisma:query SELECT "public"."User"."id", "public"."User"."email", "public"."User"."password", "public"."User"."googleId", "public"."User"."role"::text, "public"."User"."isEmailVerified", "public"."User"."emailVerifyToken", "public"."User"."resetPasswordToken", "public"."User"."resetPasswordExpires", "public"."User"."refreshToken", "public"."User"."isBlocked", "public"."User"."lastLoginAt", "public"."User"."createdAt", "public"."User"."updatedAt" FROM "public"."User" WHERE ("public"."User"."id" = $1 AND 1=1) LIMIT $2 OFFSET $3
prisma:query SELECT COUNT(*) FROM (SELECT "public"."Notification"."id" FROM "public"."Notification" WHERE ("public"."Notification"."userId" = $1 AND "public"."Notification"."isRead" = $2) OFFSET $3) AS "sub"
[32m[Nest] 4564  - [39m25/04/2026, 19:13:19 [32m    LOG[39m [38;5;3m[HTTP] [39m[32mGET /api/v1/notifications/unread-count 200 +1ms[39m
prisma:query SELECT "public"."Notification"."id", "public"."Notification"."userId", "public"."Notification"."title", "public"."Notification"."message", "public"."Notification"."type", "public"."Notification"."isRead", "public"."Notification"."metadata", "public"."Notification"."createdAt" FROM "public"."Notification" WHERE "public"."Notification"."userId" = $1 ORDER BY "public"."Notification"."createdAt" DESC LIMIT $2 OFFSET $3
[32m[Nest] 4564  - [39m25/04/2026, 19:13:19 [32m    LOG[39m [38;5;3m[HTTP] [39m[32mGET /api/v1/notifications 200 +2ms[39m
prisma:query SELECT 1
prisma:query SELECT "public"."User"."id", "public"."User"."email", "public"."User"."password", "public"."User"."googleId", "public"."User"."role"::text, "public"."User"."isEmailVerified", "public"."User"."emailVerifyToken", "public"."User"."resetPasswordToken", "public"."User"."resetPasswordExpires", "public"."User"."refreshToken", "public"."User"."isBlocked", "public"."User"."lastLoginAt", "public"."User"."createdAt", "public"."User"."updatedAt" FROM "public"."User" WHERE ("public"."User"."id" = $1 AND 1=1) LIMIT $2 OFFSET $3
prisma:query SELECT "public"."User"."id", "public"."User"."email", "public"."User"."password", "public"."User"."googleId", "public"."User"."role"::text, "public"."User"."isEmailVerified", "public"."User"."emailVerifyToken", "public"."User"."resetPasswordToken", "public"."User"."resetPasswordExpires", "public"."User"."refreshToken", "public"."User"."isBlocked", "public"."User"."lastLoginAt", "public"."User"."createdAt", "public"."User"."updatedAt" FROM "public"."User" WHERE ("public"."User"."id" = $1 AND 1=1) LIMIT $2 OFFSET $3
prisma:query SELECT "public"."Notification"."id", "public"."Notification"."userId", "public"."Notification"."title", "public"."Notification"."message", "public"."Notification"."type", "public"."Notification"."isRead", "public"."Notification"."metadata", "public"."Notification"."createdAt" FROM "public"."Notification" WHERE "public"."Notification"."userId" = $1 ORDER BY "public"."Notification"."createdAt" DESC LIMIT $2 OFFSET $3
[32m[Nest] 4564  - [39m25/04/2026, 19:13:49 [32m    LOG[39m [38;5;3m[HTTP] [39m[32mGET /api/v1/notifications 200 +2ms[39m
prisma:query SELECT "public"."User"."id", "public"."User"."email", "public"."User"."password", "public"."User"."googleId", "public"."User"."role"::text, "public"."User"."isEmailVerified", "public"."User"."emailVerifyToken", "public"."User"."resetPasswordToken", "public"."User"."resetPasswordExpires", "public"."User"."refreshToken", "public"."User"."isBlocked", "public"."User"."lastLoginAt", "public"."User"."createdAt", "public"."User"."updatedAt" FROM "public"."User" WHERE ("public"."User"."id" = $1 AND 1=1) LIMIT $2 OFFSET $3
prisma:query SELECT "public"."User"."id", "public"."User"."email", "public"."User"."password", "public"."User"."googleId", "public"."User"."role"::text, "public"."User"."isEmailVerified", "public"."User"."emailVerifyToken", "public"."User"."resetPasswordToken", "public"."User"."resetPasswordExpires", "public"."User"."refreshToken", "public"."User"."isBlocked", "public"."User"."lastLoginAt", "public"."User"."createdAt", "public"."User"."updatedAt" FROM "public"."User" WHERE ("public"."User"."id" = $1 AND 1=1) LIMIT $2 OFFSET $3
prisma:query SELECT COUNT(*) FROM (SELECT "public"."Notification"."id" FROM "public"."Notification" WHERE ("public"."Notification"."userId" = $1 AND "public"."Notification"."isRead" = $2) OFFSET $3) AS "sub"
[32m[Nest] 4564  - [39m25/04/2026, 19:13:49 [32m    LOG[39m [38;5;3m[HTTP] [39m[32mGET /api/v1/notifications/unread-count 200 +4ms[39m
prisma:query SELECT 1
prisma:query SELECT "public"."User"."id", "public"."User"."email", "public"."User"."password", "public"."User"."googleId", "public"."User"."role"::text, "public"."User"."isEmailVerified", "public"."User"."emailVerifyToken", "public"."User"."resetPasswordToken", "public"."User"."resetPasswordExpires", "public"."User"."refreshToken", "public"."User"."isBlocked", "public"."User"."lastLoginAt", "public"."User"."createdAt", "public"."User"."updatedAt" FROM "public"."User" WHERE ("public"."User"."id" = $1 AND 1=1) LIMIT $2 OFFSET $3
prisma:query SELECT "public"."User"."id", "public"."User"."email", "public"."User"."password", "public"."User"."googleId", "public"."User"."role"::text, "public"."User"."isEmailVerified", "public"."User"."emailVerifyToken", "public"."User"."resetPasswordToken", "public"."User"."resetPasswordExpires", "public"."User"."refreshToken", "public"."User"."isBlocked", "public"."User"."lastLoginAt", "public"."User"."createdAt", "public"."User"."updatedAt" FROM "public"."User" WHERE ("public"."User"."id" = $1 AND 1=1) LIMIT $2 OFFSET $3
prisma:query SELECT "public"."Notification"."id", "public"."Notification"."userId", "public"."Notification"."title", "public"."Notification"."message", "public"."Notification"."type", "public"."Notification"."isRead", "public"."Notification"."metadata", "public"."Notification"."createdAt" FROM "public"."Notification" WHERE "public"."Notification"."userId" = $1 ORDER BY "public"."Notification"."createdAt" DESC LIMIT $2 OFFSET $3
[32m[Nest] 4564  - [39m25/04/2026, 19:14:19 [32m    LOG[39m [38;5;3m[HTTP] [39m[32mGET /api/v1/notifications 200 +1ms[39m
prisma:query SELECT "public"."User"."id", "public"."User"."email", "public"."User"."password", "public"."User"."googleId", "public"."User"."role"::text, "public"."User"."isEmailVerified", "public"."User"."emailVerifyToken", "public"."User"."resetPasswordToken", "public"."User"."resetPasswordExpires", "public"."User"."refreshToken", "public"."User"."isBlocked", "public"."User"."lastLoginAt", "public"."User"."createdAt", "public"."User"."updatedAt" FROM "public"."User" WHERE ("public"."User"."id" = $1 AND 1=1) LIMIT $2 OFFSET $3
prisma:query SELECT "public"."User"."id", "public"."User"."email", "public"."User"."password", "public"."User"."googleId", "public"."User"."role"::text, "public"."User"."isEmailVerified", "public"."User"."emailVerifyToken", "public"."User"."resetPasswordToken", "public"."User"."resetPasswordExpires", "public"."User"."refreshToken", "public"."User"."isBlocked", "public"."User"."lastLoginAt", "public"."User"."createdAt", "public"."User"."updatedAt" FROM "public"."User" WHERE ("public"."User"."id" = $1 AND 1=1) LIMIT $2 OFFSET $3
prisma:query SELECT COUNT(*) FROM (SELECT "public"."Notification"."id" FROM "public"."Notification" WHERE ("public"."Notification"."userId" = $1 AND "public"."Notification"."isRead" = $2) OFFSET $3) AS "sub"
[32m[Nest] 4564  - [39m25/04/2026, 19:14:19 [32m    LOG[39m [38;5;3m[HTTP] [39m[32mGET /api/v1/notifications/unread-count 200 +1ms[39m
prisma:query SELECT 1
prisma:query SELECT "public"."User"."id", "public"."User"."email", "public"."User"."password", "public"."User"."googleId", "public"."User"."role"::text, "public"."User"."isEmailVerified", "public"."User"."emailVerifyToken", "public"."User"."resetPasswordToken", "public"."User"."resetPasswordExpires", "public"."User"."refreshToken", "public"."User"."isBlocked", "public"."User"."lastLoginAt", "public"."User"."createdAt", "public"."User"."updatedAt" FROM "public"."User" WHERE ("public"."User"."id" = $1 AND 1=1) LIMIT $2 OFFSET $3
prisma:query SELECT "public"."User"."id", "public"."User"."email", "public"."User"."password", "public"."User"."googleId", "public"."User"."role"::text, "public"."User"."isEmailVerified", "public"."User"."emailVerifyToken", "public"."User"."resetPasswordToken", "public"."User"."resetPasswordExpires", "public"."User"."refreshToken", "public"."User"."isBlocked", "public"."User"."lastLoginAt", "public"."User"."createdAt", "public"."User"."updatedAt" FROM "public"."User" WHERE ("public"."User"."id" = $1 AND 1=1) LIMIT $2 OFFSET $3
prisma:query SELECT "public"."Notification"."id", "public"."Notification"."userId", "public"."Notification"."title", "public"."Notification"."message", "public"."Notification"."type", "public"."Notification"."isRead", "public"."Notification"."metadata", "public"."Notification"."createdAt" FROM "public"."Notification" WHERE "public"."Notification"."userId" = $1 ORDER BY "public"."Notification"."createdAt" DESC LIMIT $2 OFFSET $3
[32m[Nest] 4564  - [39m25/04/2026, 19:14:49 [32m    LOG[39m [38;5;3m[HTTP] [39m[32mGET /api/v1/notifications 200 +1ms[39m
prisma:query SELECT "public"."User"."id", "public"."User"."email", "public"."User"."password", "public"."User"."googleId", "public"."User"."role"::text, "public"."User"."isEmailVerified", "public"."User"."emailVerifyToken", "public"."User"."resetPasswordToken", "public"."User"."resetPasswordExpires", "public"."User"."refreshToken", "public"."User"."isBlocked", "public"."User"."lastLoginAt", "public"."User"."createdAt", "public"."User"."updatedAt" FROM "public"."User" WHERE ("public"."User"."id" = $1 AND 1=1) LIMIT $2 OFFSET $3
prisma:query SELECT "public"."User"."id", "public"."User"."email", "public"."User"."password", "public"."User"."googleId", "public"."User"."role"::text, "public"."User"."isEmailVerified", "public"."User"."emailVerifyToken", "public"."User"."resetPasswordToken", "public"."User"."resetPasswordExpires", "public"."User"."refreshToken", "public"."User"."isBlocked", "public"."User"."lastLoginAt", "public"."User"."createdAt", "public"."User"."updatedAt" FROM "public"."User" WHERE ("public"."User"."id" = $1 AND 1=1) LIMIT $2 OFFSET $3
prisma:query SELECT COUNT(*) FROM (SELECT "public"."Notification"."id" FROM "public"."Notification" WHERE ("public"."Notification"."userId" = $1 AND "public"."Notification"."isRead" = $2) OFFSET $3) AS "sub"
[32m[Nest] 4564  - [39m25/04/2026, 19:14:49 [32m    LOG[39m [38;5;3m[HTTP] [39m[32mGET /api/v1/notifications/unread-count 200 +2ms[39m
prisma:query SELECT 1
prisma:query SELECT "public"."User"."id", "public"."User"."email", "public"."User"."password", "public"."User"."googleId", "public"."User"."role"::text, "public"."User"."isEmailVerified", "public"."User"."emailVerifyToken", "public"."User"."resetPasswordToken", "public"."User"."resetPasswordExpires", "public"."User"."refreshToken", "public"."User"."isBlocked", "public"."User"."lastLoginAt", "public"."User"."createdAt", "public"."User"."updatedAt" FROM "public"."User" WHERE ("public"."User"."id" = $1 AND 1=1) LIMIT $2 OFFSET $3
prisma:query SELECT "public"."User"."id", "public"."User"."email", "public"."User"."password", "public"."User"."googleId", "public"."User"."role"::text, "public"."User"."isEmailVerified", "public"."User"."emailVerifyToken", "public"."User"."resetPasswordToken", "public"."User"."resetPasswordExpires", "public"."User"."refreshToken", "public"."User"."isBlocked", "public"."User"."lastLoginAt", "public"."User"."createdAt", "public"."User"."updatedAt" FROM "public"."User" WHERE ("public"."User"."id" = $1 AND 1=1) LIMIT $2 OFFSET $3
prisma:query SELECT "public"."Notification"."id", "public"."Notification"."userId", "public"."Notification"."title", "public"."Notification"."message", "public"."Notification"."type", "public"."Notification"."isRead", "public"."Notification"."metadata", "public"."Notification"."createdAt" FROM "public"."Notification" WHERE "public"."Notification"."userId" = $1 ORDER BY "public"."Notification"."createdAt" DESC LIMIT $2 OFFSET $3
[32m[Nest] 4564  - [39m25/04/2026, 19:15:19 [32m    LOG[39m [38;5;3m[HTTP] [39m[32mGET /api/v1/notifications 200 +1ms[39m
prisma:query SELECT "public"."User"."id", "public"."User"."email", "public"."User"."password", "public"."User"."googleId", "public"."User"."role"::text, "public"."User"."isEmailVerified", "public"."User"."emailVerifyToken", "public"."User"."resetPasswordToken", "public"."User"."resetPasswordExpires", "public"."User"."refreshToken", "public"."User"."isBlocked", "public"."User"."lastLoginAt", "public"."User"."createdAt", "public"."User"."updatedAt" FROM "public"."User" WHERE ("public"."User"."id" = $1 AND 1=1) LIMIT $2 OFFSET $3
prisma:query SELECT "public"."User"."id", "public"."User"."email", "public"."User"."password", "public"."User"."googleId", "public"."User"."role"::text, "public"."User"."isEmailVerified", "public"."User"."emailVerifyToken", "public"."User"."resetPasswordToken", "public"."User"."resetPasswordExpires", "public"."User"."refreshToken", "public"."User"."isBlocked", "public"."User"."lastLoginAt", "public"."User"."createdAt", "public"."User"."updatedAt" FROM "public"."User" WHERE ("public"."User"."id" = $1 AND 1=1) LIMIT $2 OFFSET $3
prisma:query SELECT COUNT(*) FROM (SELECT "public"."Notification"."id" FROM "public"."Notification" WHERE ("public"."Notification"."userId" = $1 AND "public"."Notification"."isRead" = $2) OFFSET $3) AS "sub"
[32m[Nest] 4564  - [39m25/04/2026, 19:15:19 [32m    LOG[39m [38;5;3m[HTTP] [39m[32mGET /api/v1/notifications/unread-count 200 +2ms[39m
prisma:query SELECT 1
prisma:query SELECT "public"."User"."id", "public"."User"."email", "public"."User"."password", "public"."User"."googleId", "public"."User"."role"::text, "public"."User"."isEmailVerified", "public"."User"."emailVerifyToken", "public"."User"."resetPasswordToken", "public"."User"."resetPasswordExpires", "public"."User"."refreshToken", "public"."User"."isBlocked", "public"."User"."lastLoginAt", "public"."User"."createdAt", "public"."User"."updatedAt" FROM "public"."User" WHERE ("public"."User"."id" = $1 AND 1=1) LIMIT $2 OFFSET $3
prisma:query SELECT "public"."User"."id", "public"."User"."email", "public"."User"."password", "public"."User"."googleId", "public"."User"."role"::text, "public"."User"."isEmailVerified", "public"."User"."emailVerifyToken", "public"."User"."resetPasswordToken", "public"."User"."resetPasswordExpires", "public"."User"."refreshToken", "public"."User"."isBlocked", "public"."User"."lastLoginAt", "public"."User"."createdAt", "public"."User"."updatedAt" FROM "public"."User" WHERE ("public"."User"."id" = $1 AND 1=1) LIMIT $2 OFFSET $3
prisma:query SELECT "public"."Notification"."id", "public"."Notification"."userId", "public"."Notification"."title", "public"."Notification"."message", "public"."Notification"."type", "public"."Notification"."isRead", "public"."Notification"."metadata", "public"."Notification"."createdAt" FROM "public"."Notification" WHERE "public"."Notification"."userId" = $1 ORDER BY "public"."Notification"."createdAt" DESC LIMIT $2 OFFSET $3
[32m[Nest] 4564  - [39m25/04/2026, 19:15:49 [32m    LOG[39m [38;5;3m[HTTP] [39m[32mGET /api/v1/notifications 200 +2ms[39m
prisma:query SELECT "public"."User"."id", "public"."User"."email", "public"."User"."password", "public"."User"."googleId", "public"."User"."role"::text, "public"."User"."isEmailVerified", "public"."User"."emailVerifyToken", "public"."User"."resetPasswordToken", "public"."User"."resetPasswordExpires", "public"."User"."refreshToken", "public"."User"."isBlocked", "public"."User"."lastLoginAt", "public"."User"."createdAt", "public"."User"."updatedAt" FROM "public"."User" WHERE ("public"."User"."id" = $1 AND 1=1) LIMIT $2 OFFSET $3
prisma:query SELECT "public"."User"."id", "public"."User"."email", "public"."User"."password", "public"."User"."googleId", "public"."User"."role"::text, "public"."User"."isEmailVerified", "public"."User"."emailVerifyToken", "public"."User"."resetPasswordToken", "public"."User"."resetPasswordExpires", "public"."User"."refreshToken", "public"."User"."isBlocked", "public"."User"."lastLoginAt", "public"."User"."createdAt", "public"."User"."updatedAt" FROM "public"."User" WHERE ("public"."User"."id" = $1 AND 1=1) LIMIT $2 OFFSET $3
prisma:query SELECT COUNT(*) FROM (SELECT "public"."Notification"."id" FROM "public"."Notification" WHERE ("public"."Notification"."userId" = $1 AND "public"."Notification"."isRead" = $2) OFFSET $3) AS "sub"
[32m[Nest] 4564  - [39m25/04/2026, 19:15:49 [32m    LOG[39m [38;5;3m[HTTP] [39m[32mGET /api/v1/notifications/unread-count 200 +1ms[39m
prisma:query SELECT 1
prisma:query SELECT "public"."User"."id", "public"."User"."email", "public"."User"."password", "public"."User"."googleId", "public"."User"."role"::text, "public"."User"."isEmailVerified", "public"."User"."emailVerifyToken", "public"."User"."resetPasswordToken", "public"."User"."resetPasswordExpires", "public"."User"."refreshToken", "public"."User"."isBlocked", "public"."User"."lastLoginAt", "public"."User"."createdAt", "public"."User"."updatedAt" FROM "public"."User" WHERE ("public"."User"."id" = $1 AND 1=1) LIMIT $2 OFFSET $3
prisma:query SELECT "public"."User"."id", "public"."User"."email", "public"."User"."password", "public"."User"."googleId", "public"."User"."role"::text, "public"."User"."isEmailVerified", "public"."User"."emailVerifyToken", "public"."User"."resetPasswordToken", "public"."User"."resetPasswordExpires", "public"."User"."refreshToken", "public"."User"."isBlocked", "public"."User"."lastLoginAt", "public"."User"."createdAt", "public"."User"."updatedAt" FROM "public"."User" WHERE ("public"."User"."id" = $1 AND 1=1) LIMIT $2 OFFSET $3
prisma:query SELECT "public"."Notification"."id", "public"."Notification"."userId", "public"."Notification"."title", "public"."Notification"."message", "public"."Notification"."type", "public"."Notification"."isRead", "public"."Notification"."metadata", "public"."Notification"."createdAt" FROM "public"."Notification" WHERE "public"."Notification"."userId" = $1 ORDER BY "public"."Notification"."createdAt" DESC LIMIT $2 OFFSET $3
[32m[Nest] 4564  - [39m25/04/2026, 19:16:19 [32m    LOG[39m [38;5;3m[HTTP] [39m[32mGET /api/v1/notifications 200 +1ms[39m
prisma:query SELECT "public"."User"."id", "public"."User"."email", "public"."User"."password", "public"."User"."googleId", "public"."User"."role"::text, "public"."User"."isEmailVerified", "public"."User"."emailVerifyToken", "public"."User"."resetPasswordToken", "public"."User"."resetPasswordExpires", "public"."User"."refreshToken", "public"."User"."isBlocked", "public"."User"."lastLoginAt", "public"."User"."createdAt", "public"."User"."updatedAt" FROM "public"."User" WHERE ("public"."User"."id" = $1 AND 1=1) LIMIT $2 OFFSET $3
prisma:query SELECT "public"."User"."id", "public"."User"."email", "public"."User"."password", "public"."User"."googleId", "public"."User"."role"::text, "public"."User"."isEmailVerified", "public"."User"."emailVerifyToken", "public"."User"."resetPasswordToken", "public"."User"."resetPasswordExpires", "public"."User"."refreshToken", "public"."User"."isBlocked", "public"."User"."lastLoginAt", "public"."User"."createdAt", "public"."User"."updatedAt" FROM "public"."User" WHERE ("public"."User"."id" = $1 AND 1=1) LIMIT $2 OFFSET $3
prisma:query SELECT COUNT(*) FROM (SELECT "public"."Notification"."id" FROM "public"."Notification" WHERE ("public"."Notification"."userId" = $1 AND "public"."Notification"."isRead" = $2) OFFSET $3) AS "sub"
[32m[Nest] 4564  - [39m25/04/2026, 19:16:19 [32m    LOG[39m [38;5;3m[HTTP] [39m[32mGET /api/v1/notifications/unread-count 200 +1ms[39m
prisma:query SELECT "public"."User"."id", "public"."User"."email", "public"."User"."password", "public"."User"."googleId", "public"."User"."role"::text, "public"."User"."isEmailVerified", "public"."User"."emailVerifyToken", "public"."User"."resetPasswordToken", "public"."User"."resetPasswordExpires", "public"."User"."refreshToken", "public"."User"."isBlocked", "public"."User"."lastLoginAt", "public"."User"."createdAt", "public"."User"."updatedAt" FROM "public"."User" WHERE ("public"."User"."id" = $1 AND 1=1) LIMIT $2 OFFSET $3
prisma:query SELECT "public"."User"."id", "public"."User"."email", "public"."User"."password", "public"."User"."googleId", "public"."User"."role"::text, "public"."User"."isEmailVerified", "public"."User"."emailVerifyToken", "public"."User"."resetPasswordToken", "public"."User"."resetPasswordExpires", "public"."User"."refreshToken", "public"."User"."isBlocked", "public"."User"."lastLoginAt", "public"."User"."createdAt", "public"."User"."updatedAt" FROM "public"."User" WHERE ("public"."User"."id" = $1 AND 1=1) LIMIT $2 OFFSET $3
prisma:query SELECT "public"."User"."id", "public"."User"."email", "public"."User"."password", "public"."User"."googleId", "public"."User"."role"::text, "public"."User"."isEmailVerified", "public"."User"."emailVerifyToken", "public"."User"."resetPasswordToken", "public"."User"."resetPasswordExpires", "public"."User"."refreshToken", "public"."User"."isBlocked", "public"."User"."lastLoginAt", "public"."User"."createdAt", "public"."User"."updatedAt" FROM "public"."User" WHERE ("public"."User"."id" = $1 AND 1=1) LIMIT $2 OFFSET $3
prisma:query SELECT COUNT(*) FROM (SELECT "public"."User"."id" FROM "public"."User" WHERE "public"."User"."createdAt" >= $1 OFFSET $2) AS "sub"
prisma:query SELECT "public"."User"."id", "public"."User"."email", "public"."User"."password", "public"."User"."googleId", "public"."User"."role"::text, "public"."User"."isEmailVerified", "public"."User"."emailVerifyToken", "public"."User"."resetPasswordToken", "public"."User"."resetPasswordExpires", "public"."User"."refreshToken", "public"."User"."isBlocked", "public"."User"."lastLoginAt", "public"."User"."createdAt", "public"."User"."updatedAt" FROM "public"."User" WHERE ("public"."User"."id" = $1 AND 1=1) LIMIT $2 OFFSET $3
prisma:query SELECT COUNT(*) FROM (SELECT "public"."User"."id" FROM "public"."User" WHERE 1=1 OFFSET $1) AS "sub"
prisma:query SELECT SUM("duration"), COUNT(*) FROM (SELECT "public"."WatchHistory"."duration", "public"."WatchHistory"."id" FROM "public"."WatchHistory" WHERE ("public"."WatchHistory"."watchedAt" >= $1 AND "public"."WatchHistory"."watchedAt" <= $2) OFFSET $3) AS "sub"
prisma:query SELECT SUM("duration"), COUNT(*) FROM (SELECT "public"."WatchHistory"."duration", "public"."WatchHistory"."id" FROM "public"."WatchHistory" WHERE ("public"."WatchHistory"."watchedAt" >= $1 AND "public"."WatchHistory"."watchedAt" <= $2) OFFSET $3) AS "sub"
prisma:query SELECT SUM("duration"), COUNT(*) FROM (SELECT "public"."WatchHistory"."duration", "public"."WatchHistory"."id" FROM "public"."WatchHistory" WHERE ("public"."WatchHistory"."watchedAt" >= $1 AND "public"."WatchHistory"."watchedAt" <= $2) OFFSET $3) AS "sub"
prisma:query SELECT SUM("duration"), COUNT(*) FROM (SELECT "public"."WatchHistory"."duration", "public"."WatchHistory"."id" FROM "public"."WatchHistory" WHERE ("public"."WatchHistory"."watchedAt" >= $1 AND "public"."WatchHistory"."watchedAt" <= $2) OFFSET $3) AS "sub"
prisma:query SELECT SUM("duration"), COUNT(*) FROM (SELECT "public"."WatchHistory"."duration", "public"."WatchHistory"."id" FROM "public"."WatchHistory" WHERE ("public"."WatchHistory"."watchedAt" >= $1 AND "public"."WatchHistory"."watchedAt" <= $2) OFFSET $3) AS "sub"
prisma:query SELECT "public"."Subscription"."id", "public"."Subscription"."userId", "public"."Subscription"."planId", "public"."Subscription"."status"::text, "public"."Subscription"."currentPeriodStart", "public"."Subscription"."currentPeriodEnd", "public"."Subscription"."trialStart", "public"."Subscription"."trialEnd", "public"."Subscription"."cancelAtPeriodEnd", "public"."Subscription"."stripeSubscriptionId", "public"."Subscription"."stripeCustomerId", "public"."Subscription"."createdAt", "public"."Subscription"."updatedAt" FROM "public"."Subscription" WHERE "public"."Subscription"."status" IN (CAST($1::text AS "public"."SubscriptionStatus"),CAST($2::text AS "public"."SubscriptionStatus")) OFFSET $3
prisma:query SELECT SUM("duration"), COUNT(*) FROM (SELECT "public"."WatchHistory"."duration", "public"."WatchHistory"."id" FROM "public"."WatchHistory" WHERE ("public"."WatchHistory"."watchedAt" >= $1 AND "public"."WatchHistory"."watchedAt" <= $2) OFFSET $3) AS "sub"
prisma:query SELECT "public"."Plan"."id", "public"."Plan"."name", "public"."Plan"."planType"::text FROM "public"."Plan" WHERE "public"."Plan"."id" IN ($1,$2) OFFSET $3
prisma:query SELECT SUM("duration"), COUNT(*) FROM (SELECT "public"."WatchHistory"."duration", "public"."WatchHistory"."id" FROM "public"."WatchHistory" WHERE ("public"."WatchHistory"."watchedAt" >= $1 AND "public"."WatchHistory"."watchedAt" <= $2) OFFSET $3) AS "sub"
[32m[Nest] 4564  - [39m25/04/2026, 19:16:27 [32m    LOG[39m [38;5;3m[HTTP] [39m[32mGET /api/v1/analytics/watch-time?days=7 200 +28ms[39m
prisma:query SELECT COUNT(*) FROM (SELECT "public"."Subscription"."id" FROM "public"."Subscription" WHERE "public"."Subscription"."status" IN (CAST($1::text AS "public"."SubscriptionStatus"),CAST($2::text AS "public"."SubscriptionStatus")) OFFSET $3) AS "sub"
prisma:query SELECT SUM("amount") FROM (SELECT "public"."Payment"."amount" FROM "public"."Payment" WHERE "public"."Payment"."status" = CAST($1::text AS "public"."PaymentStatus") OFFSET $2) AS "sub"
prisma:query SELECT SUM("duration") FROM (SELECT "public"."WatchHistory"."duration" FROM "public"."WatchHistory" WHERE 1=1 OFFSET $1) AS "sub"
prisma:query SELECT "public"."Content"."id", "public"."Content"."title", "public"."Content"."posterUrl", "public"."Content"."type"::text, "public"."Content"."totalViews", "public"."Content"."averageRating", COALESCE("aggr_selection_0_Rating"."_aggr_count_ratings", 0) AS "_aggr_count_ratings" FROM "public"."Content" LEFT JOIN (SELECT "public"."Rating"."contentId", COUNT(*) AS "_aggr_count_ratings" FROM "public"."Rating" WHERE 1=1 GROUP BY "public"."Rating"."contentId") AS "aggr_selection_0_Rating" ON ("public"."Content"."id" = "aggr_selection_0_Rating"."contentId") WHERE "public"."Content"."isPublished" = $1 ORDER BY "public"."Content"."totalViews" DESC LIMIT $2 OFFSET $3
prisma:query SELECT SUM("amount") FROM (SELECT "public"."Payment"."amount" FROM "public"."Payment" WHERE ("public"."Payment"."status" = CAST($1::text AS "public"."PaymentStatus") AND "public"."Payment"."createdAt" >= $2) OFFSET $3) AS "sub"
prisma:query SELECT COUNT(*) FROM (SELECT "public"."Content"."id" FROM "public"."Content" WHERE "public"."Content"."isPublished" = $1 OFFSET $2) AS "sub"
prisma:query SELECT COUNT(*) FROM (SELECT "public"."User"."id" FROM "public"."User" WHERE ("public"."User"."createdAt" >= $1 AND "public"."User"."createdAt" <= $2) OFFSET $3) AS "sub"
prisma:query SELECT COUNT(*) FROM (SELECT "public"."User"."id" FROM "public"."User" WHERE ("public"."User"."createdAt" >= $1 AND "public"."User"."createdAt" <= $2) OFFSET $3) AS "sub"
prisma:query SELECT COUNT(*) FROM (SELECT "public"."User"."id" FROM "public"."User" WHERE ("public"."User"."createdAt" >= $1 AND "public"."User"."createdAt" <= $2) OFFSET $3) AS "sub"
prisma:query SELECT COUNT(*) FROM (SELECT "public"."User"."id" FROM "public"."User" WHERE ("public"."User"."createdAt" >= $1 AND "public"."User"."createdAt" <= $2) OFFSET $3) AS "sub"
prisma:query SELECT COUNT(*) FROM (SELECT "public"."User"."id" FROM "public"."User" WHERE ("public"."User"."createdAt" >= $1 AND "public"."User"."createdAt" <= $2) OFFSET $3) AS "sub"
prisma:query SELECT COUNT(*) FROM (SELECT "public"."User"."id" FROM "public"."User" WHERE ("public"."User"."createdAt" >= $1 AND "public"."User"."createdAt" <= $2) OFFSET $3) AS "sub"
prisma:query SELECT SUM("amount") FROM (SELECT "public"."Payment"."amount" FROM "public"."Payment" WHERE ("public"."Payment"."status" = CAST($1::text AS "public"."PaymentStatus") AND "public"."Payment"."createdAt" >= $2 AND "public"."Payment"."createdAt" <= $3) OFFSET $4) AS "sub"
prisma:query SELECT SUM("amount") FROM (SELECT "public"."Payment"."amount" FROM "public"."Payment" WHERE ("public"."Payment"."status" = CAST($1::text AS "public"."PaymentStatus") AND "public"."Payment"."createdAt" >= $2 AND "public"."Payment"."createdAt" <= $3) OFFSET $4) AS "sub"
prisma:query SELECT SUM("amount") FROM (SELECT "public"."Payment"."amount" FROM "public"."Payment" WHERE ("public"."Payment"."status" = CAST($1::text AS "public"."PaymentStatus") AND "public"."Payment"."createdAt" >= $2 AND "public"."Payment"."createdAt" <= $3) OFFSET $4) AS "sub"
prisma:query SELECT SUM("amount") FROM (SELECT "public"."Payment"."amount" FROM "public"."Payment" WHERE ("public"."Payment"."status" = CAST($1::text AS "public"."PaymentStatus") AND "public"."Payment"."createdAt" >= $2 AND "public"."Payment"."createdAt" <= $3) OFFSET $4) AS "sub"
prisma:query SELECT SUM("amount") FROM (SELECT "public"."Payment"."amount" FROM "public"."Payment" WHERE ("public"."Payment"."status" = CAST($1::text AS "public"."PaymentStatus") AND "public"."Payment"."createdAt" >= $2 AND "public"."Payment"."createdAt" <= $3) OFFSET $4) AS "sub"
prisma:query SELECT SUM("amount") FROM (SELECT "public"."Payment"."amount" FROM "public"."Payment" WHERE ("public"."Payment"."status" = CAST($1::text AS "public"."PaymentStatus") AND "public"."Payment"."createdAt" >= $2 AND "public"."Payment"."createdAt" <= $3) OFFSET $4) AS "sub"
[32m[Nest] 4564  - [39m25/04/2026, 19:16:27 [32m    LOG[39m [38;5;3m[HTTP] [39m[32mGET /api/v1/admin/dashboard 200 +216ms[39m
prisma:query SELECT "public"."User"."id", "public"."User"."email", "public"."User"."password", "public"."User"."googleId", "public"."User"."role"::text, "public"."User"."isEmailVerified", "public"."User"."emailVerifyToken", "public"."User"."resetPasswordToken", "public"."User"."resetPasswordExpires", "public"."User"."refreshToken", "public"."User"."isBlocked", "public"."User"."lastLoginAt", "public"."User"."createdAt", "public"."User"."updatedAt" FROM "public"."User" WHERE ("public"."User"."id" = $1 AND 1=1) LIMIT $2 OFFSET $3
prisma:query SELECT "public"."Plan"."id", "public"."Plan"."name", "public"."Plan"."planType"::text, "public"."Plan"."price", "public"."Plan"."currency", "public"."Plan"."description", "public"."Plan"."features", "public"."Plan"."maxProfiles", "public"."Plan"."maxDevices", "public"."Plan"."videoQuality", "public"."Plan"."hasDownloads", "public"."Plan"."trialDays", "public"."Plan"."stripeProductId", "public"."Plan"."stripePriceId", "public"."Plan"."isActive", "public"."Plan"."createdAt", "public"."Plan"."updatedAt" FROM "public"."Plan" WHERE "public"."Plan"."isActive" = $1 ORDER BY "public"."Plan"."price" ASC OFFSET $2
[32m[Nest] 4564  - [39m25/04/2026, 19:16:40 [32m    LOG[39m [38;5;3m[HTTP] [39m[32mGET /api/v1/subscriptions/plans 200 +9ms[39m
prisma:query SELECT "public"."User"."id", "public"."User"."email", "public"."User"."password", "public"."User"."googleId", "public"."User"."role"::text, "public"."User"."isEmailVerified", "public"."User"."emailVerifyToken", "public"."User"."resetPasswordToken", "public"."User"."resetPasswordExpires", "public"."User"."refreshToken", "public"."User"."isBlocked", "public"."User"."lastLoginAt", "public"."User"."createdAt", "public"."User"."updatedAt" FROM "public"."User" WHERE ("public"."User"."id" = $1 AND 1=1) LIMIT $2 OFFSET $3
prisma:query SELECT "public"."User"."id", "public"."User"."email", "public"."User"."password", "public"."User"."googleId", "public"."User"."role"::text, "public"."User"."isEmailVerified", "public"."User"."emailVerifyToken", "public"."User"."resetPasswordToken", "public"."User"."resetPasswordExpires", "public"."User"."refreshToken", "public"."User"."isBlocked", "public"."User"."lastLoginAt", "public"."User"."createdAt", "public"."User"."updatedAt" FROM "public"."User" WHERE ("public"."User"."id" = $1 AND 1=1) LIMIT $2 OFFSET $3
prisma:query SELECT "public"."User"."id", "public"."User"."email", "public"."User"."password", "public"."User"."googleId", "public"."User"."role"::text, "public"."User"."isEmailVerified", "public"."User"."emailVerifyToken", "public"."User"."resetPasswordToken", "public"."User"."resetPasswordExpires", "public"."User"."refreshToken", "public"."User"."isBlocked", "public"."User"."lastLoginAt", "public"."User"."createdAt", "public"."User"."updatedAt" FROM "public"."User" WHERE ("public"."User"."id" = $1 AND 1=1) LIMIT $2 OFFSET $3
prisma:query SELECT COUNT(*) FROM (SELECT "public"."Payment"."id" FROM "public"."Payment" WHERE "public"."Payment"."status" = CAST($1::text AS "public"."PaymentStatus") OFFSET $2) AS "sub"
prisma:query SELECT COUNT(*) FROM (SELECT "public"."Subscription"."id" FROM "public"."Subscription" WHERE 1=1 OFFSET $1) AS "sub"
prisma:query SELECT SUM("amount") FROM (SELECT "public"."Payment"."amount" FROM "public"."Payment" WHERE ("public"."Payment"."status" = CAST($1::text AS "public"."PaymentStatus") AND "public"."Payment"."createdAt" >= $2) OFFSET $3) AS "sub"
prisma:query SELECT COUNT(*) FROM (SELECT "public"."Subscription"."id" FROM "public"."Subscription" WHERE "public"."Subscription"."status" = CAST($1::text AS "public"."SubscriptionStatus") OFFSET $2) AS "sub"
prisma:query SELECT SUM("amount") FROM (SELECT "public"."Payment"."amount" FROM "public"."Payment" WHERE ("public"."Payment"."status" = CAST($1::text AS "public"."PaymentStatus") AND "public"."Payment"."createdAt" >= $2) OFFSET $3) AS "sub"
prisma:query SELECT COUNT(*) FROM (SELECT "public"."Subscription"."id" FROM "public"."Subscription" WHERE "public"."Subscription"."status" = CAST($1::text AS "public"."SubscriptionStatus") OFFSET $2) AS "sub"
prisma:query SELECT SUM("amount") FROM (SELECT "public"."Payment"."amount" FROM "public"."Payment" WHERE "public"."Payment"."status" = CAST($1::text AS "public"."PaymentStatus") OFFSET $2) AS "sub"
[32m[Nest] 4564  - [39m25/04/2026, 19:16:40 [32m    LOG[39m [38;5;3m[HTTP] [39m[32mGET /api/v1/payments/revenue 200 +9ms[39m
prisma:query SELECT COUNT(*) FROM (SELECT "public"."Subscription"."id" FROM "public"."Subscription" WHERE "public"."Subscription"."status" = CAST($1::text AS "public"."SubscriptionStatus") OFFSET $2) AS "sub"
prisma:query SELECT COUNT(*), "public"."Subscription"."planId" FROM "public"."Subscription" WHERE "public"."Subscription"."status" IN (CAST($1::text AS "public"."SubscriptionStatus"),CAST($2::text AS "public"."SubscriptionStatus")) GROUP BY "public"."Subscription"."planId" OFFSET $3
[32m[Nest] 4564  - [39m25/04/2026, 19:16:40 [32m    LOG[39m [38;5;3m[HTTP] [39m[32mGET /api/v1/subscriptions/stats 200 +17ms[39m
prisma:query SELECT 1
prisma:query SELECT "public"."User"."id", "public"."User"."email", "public"."User"."password", "public"."User"."googleId", "public"."User"."role"::text, "public"."User"."isEmailVerified", "public"."User"."emailVerifyToken", "public"."User"."resetPasswordToken", "public"."User"."resetPasswordExpires", "public"."User"."refreshToken", "public"."User"."isBlocked", "public"."User"."lastLoginAt", "public"."User"."createdAt", "public"."User"."updatedAt" FROM "public"."User" WHERE ("public"."User"."id" = $1 AND 1=1) LIMIT $2 OFFSET $3
prisma:query SELECT "public"."User"."id", "public"."User"."email", "public"."User"."password", "public"."User"."googleId", "public"."User"."role"::text, "public"."User"."isEmailVerified", "public"."User"."emailVerifyToken", "public"."User"."resetPasswordToken", "public"."User"."resetPasswordExpires", "public"."User"."refreshToken", "public"."User"."isBlocked", "public"."User"."lastLoginAt", "public"."User"."createdAt", "public"."User"."updatedAt" FROM "public"."User" WHERE ("public"."User"."id" = $1 AND 1=1) LIMIT $2 OFFSET $3
prisma:query SELECT "public"."User"."id", "public"."User"."email", "public"."User"."password", "public"."User"."googleId", "public"."User"."role"::text, "public"."User"."isEmailVerified", "public"."User"."emailVerifyToken", "public"."User"."resetPasswordToken", "public"."User"."resetPasswordExpires", "public"."User"."refreshToken", "public"."User"."isBlocked", "public"."User"."lastLoginAt", "public"."User"."createdAt", "public"."User"."updatedAt" FROM "public"."User" WHERE ("public"."User"."id" = $1 AND 1=1) LIMIT $2 OFFSET $3
prisma:query SELECT "public"."User"."id", "public"."User"."email", "public"."User"."password", "public"."User"."googleId", "public"."User"."role"::text, "public"."User"."isEmailVerified", "public"."User"."emailVerifyToken", "public"."User"."resetPasswordToken", "public"."User"."resetPasswordExpires", "public"."User"."refreshToken", "public"."User"."isBlocked", "public"."User"."lastLoginAt", "public"."User"."createdAt", "public"."User"."updatedAt" FROM "public"."User" WHERE ("public"."User"."id" = $1 AND 1=1) LIMIT $2 OFFSET $3
prisma:query SELECT "public"."User"."id", "public"."User"."email", "public"."User"."password", "public"."User"."googleId", "public"."User"."role"::text, "public"."User"."isEmailVerified", "public"."User"."emailVerifyToken", "public"."User"."resetPasswordToken", "public"."User"."resetPasswordExpires", "public"."User"."refreshToken", "public"."User"."isBlocked", "public"."User"."lastLoginAt", "public"."User"."createdAt", "public"."User"."updatedAt" FROM "public"."User" WHERE ("public"."User"."id" = $1 AND 1=1) LIMIT $2 OFFSET $3
prisma:query SELECT "public"."User"."id", "public"."User"."email", "public"."User"."password", "public"."User"."googleId", "public"."User"."role"::text, "public"."User"."isEmailVerified", "public"."User"."emailVerifyToken", "public"."User"."resetPasswordToken", "public"."User"."resetPasswordExpires", "public"."User"."refreshToken", "public"."User"."isBlocked", "public"."User"."lastLoginAt", "public"."User"."createdAt", "public"."User"."updatedAt" FROM "public"."User" WHERE ("public"."User"."id" = $1 AND 1=1) LIMIT $2 OFFSET $3
prisma:query SELECT "public"."User"."id", "public"."User"."email", "public"."User"."password", "public"."User"."googleId", "public"."User"."role"::text, "public"."User"."isEmailVerified", "public"."User"."emailVerifyToken", "public"."User"."resetPasswordToken", "public"."User"."resetPasswordExpires", "public"."User"."refreshToken", "public"."User"."isBlocked", "public"."User"."lastLoginAt", "public"."User"."createdAt", "public"."User"."updatedAt" FROM "public"."User" WHERE ("public"."User"."id" = $1 AND 1=1) LIMIT $2 OFFSET $3
prisma:query SELECT 1
prisma:query SELECT "public"."User"."id", "public"."User"."email", "public"."User"."password", "public"."User"."googleId", "public"."User"."role"::text, "public"."User"."isEmailVerified", "public"."User"."emailVerifyToken", "public"."User"."resetPasswordToken", "public"."User"."resetPasswordExpires", "public"."User"."refreshToken", "public"."User"."isBlocked", "public"."User"."lastLoginAt", "public"."User"."createdAt", "public"."User"."updatedAt" FROM "public"."User" WHERE ("public"."User"."id" = $1 AND 1=1) LIMIT $2 OFFSET $3
prisma:query SELECT "public"."User"."id", "public"."User"."email", "public"."User"."password", "public"."User"."googleId", "public"."User"."role"::text, "public"."User"."isEmailVerified", "public"."User"."emailVerifyToken", "public"."User"."resetPasswordToken", "public"."User"."resetPasswordExpires", "public"."User"."refreshToken", "public"."User"."isBlocked", "public"."User"."lastLoginAt", "public"."User"."createdAt", "public"."User"."updatedAt" FROM "public"."User" WHERE ("public"."User"."id" = $1 AND 1=1) LIMIT $2 OFFSET $3
prisma:query SELECT 1
prisma:query SELECT 1
prisma:query SELECT 1
prisma:query SELECT 1
prisma:query SELECT 1
prisma:query SELECT 1
prisma:query SELECT COUNT(*) FROM (SELECT "public"."User"."id" FROM "public"."User" WHERE "public"."User"."createdAt" >= $1 OFFSET $2) AS "sub"
prisma:query SELECT SUM("amount") FROM (SELECT "public"."Payment"."amount" FROM "public"."Payment" WHERE "public"."Payment"."status" = CAST($1::text AS "public"."PaymentStatus") OFFSET $2) AS "sub"
prisma:query SELECT COUNT(*) FROM (SELECT "public"."Subscription"."id" FROM "public"."Subscription" WHERE "public"."Subscription"."status" IN (CAST($1::text AS "public"."SubscriptionStatus"),CAST($2::text AS "public"."SubscriptionStatus")) OFFSET $3) AS "sub"
prisma:query SELECT SUM("amount") FROM (SELECT "public"."Payment"."amount" FROM "public"."Payment" WHERE ("public"."Payment"."status" = CAST($1::text AS "public"."PaymentStatus") AND "public"."Payment"."createdAt" >= $2) OFFSET $3) AS "sub"
prisma:query SELECT "public"."User"."id", "public"."User"."email", "public"."User"."password", "public"."User"."googleId", "public"."User"."role"::text, "public"."User"."isEmailVerified", "public"."User"."emailVerifyToken", "public"."User"."resetPasswordToken", "public"."User"."resetPasswordExpires", "public"."User"."refreshToken", "public"."User"."isBlocked", "public"."User"."lastLoginAt", "public"."User"."createdAt", "public"."User"."updatedAt" FROM "public"."User" WHERE ("public"."User"."id" = $1 AND 1=1) LIMIT $2 OFFSET $3
prisma:query SELECT COUNT(*) FROM (SELECT "public"."User"."id" FROM "public"."User" WHERE 1=1 OFFSET $1) AS "sub"
prisma:query SELECT "public"."User"."id", "public"."User"."email", "public"."User"."password", "public"."User"."googleId", "public"."User"."role"::text, "public"."User"."isEmailVerified", "public"."User"."emailVerifyToken", "public"."User"."resetPasswordToken", "public"."User"."resetPasswordExpires", "public"."User"."refreshToken", "public"."User"."isBlocked", "public"."User"."lastLoginAt", "public"."User"."createdAt", "public"."User"."updatedAt" FROM "public"."User" WHERE ("public"."User"."id" = $1 AND 1=1) LIMIT $2 OFFSET $3
prisma:query SELECT SUM("duration") FROM (SELECT "public"."WatchHistory"."duration" FROM "public"."WatchHistory" WHERE 1=1 OFFSET $1) AS "sub"
prisma:query SELECT COUNT(*) FROM (SELECT "public"."Content"."id" FROM "public"."Content" WHERE "public"."Content"."isPublished" = $1 OFFSET $2) AS "sub"
prisma:query SELECT "public"."User"."id", "public"."User"."email", "public"."User"."password", "public"."User"."googleId", "public"."User"."role"::text, "public"."User"."isEmailVerified", "public"."User"."emailVerifyToken", "public"."User"."resetPasswordToken", "public"."User"."resetPasswordExpires", "public"."User"."refreshToken", "public"."User"."isBlocked", "public"."User"."lastLoginAt", "public"."User"."createdAt", "public"."User"."updatedAt" FROM "public"."User" WHERE ("public"."User"."id" = $1 AND 1=1) LIMIT $2 OFFSET $3
[32m[Nest] 4564  - [39m25/04/2026, 19:17:23 [32m    LOG[39m [38;5;3m[HTTP] [39m[32mGET /api/v1/analytics/dashboard 200 +19ms[39m
prisma:query SELECT SUM("amount") FROM (SELECT "public"."Payment"."amount" FROM "public"."Payment" WHERE ("public"."Payment"."status" = CAST($1::text AS "public"."PaymentStatus") AND "public"."Payment"."createdAt" >= $2 AND "public"."Payment"."createdAt" <= $3) OFFSET $4) AS "sub"
prisma:query SELECT "public"."Subscription"."id", "public"."Subscription"."userId", "public"."Subscription"."planId", "public"."Subscription"."status"::text, "public"."Subscription"."currentPeriodStart", "public"."Subscription"."currentPeriodEnd", "public"."Subscription"."trialStart", "public"."Subscription"."trialEnd", "public"."Subscription"."cancelAtPeriodEnd", "public"."Subscription"."stripeSubscriptionId", "public"."Subscription"."stripeCustomerId", "public"."Subscription"."createdAt", "public"."Subscription"."updatedAt" FROM "public"."Subscription" WHERE "public"."Subscription"."status" IN (CAST($1::text AS "public"."SubscriptionStatus"),CAST($2::text AS "public"."SubscriptionStatus")) OFFSET $3
prisma:query SELECT COUNT(*) FROM (SELECT "public"."User"."id" FROM "public"."User" WHERE ("public"."User"."createdAt" >= $1 AND "public"."User"."createdAt" <= $2) OFFSET $3) AS "sub"
prisma:query SELECT "public"."Plan"."id", "public"."Plan"."name", "public"."Plan"."planType"::text FROM "public"."Plan" WHERE "public"."Plan"."id" IN ($1,$2) OFFSET $3
prisma:query SELECT SUM("amount") FROM (SELECT "public"."Payment"."amount" FROM "public"."Payment" WHERE ("public"."Payment"."status" = CAST($1::text AS "public"."PaymentStatus") AND "public"."Payment"."createdAt" >= $2 AND "public"."Payment"."createdAt" <= $3) OFFSET $4) AS "sub"
[32m[Nest] 4564  - [39m25/04/2026, 19:17:23 [32m    LOG[39m [38;5;3m[HTTP] [39m[32mGET /api/v1/analytics/subscriptions 200 +8ms[39m
prisma:query SELECT COUNT(*) FROM (SELECT "public"."User"."id" FROM "public"."User" WHERE ("public"."User"."createdAt" >= $1 AND "public"."User"."createdAt" <= $2) OFFSET $3) AS "sub"
prisma:query SELECT COUNT(*), "public"."Content"."type"::text FROM "public"."Content" WHERE "public"."Content"."isPublished" = $1 GROUP BY "public"."Content"."type" OFFSET $2
[32m[Nest] 4564  - [39m25/04/2026, 19:17:23 [32m    LOG[39m [38;5;3m[HTTP] [39m[32mGET /api/v1/analytics/content-types 200 +10ms[39m
prisma:query SELECT SUM("amount") FROM (SELECT "public"."Payment"."amount" FROM "public"."Payment" WHERE ("public"."Payment"."status" = CAST($1::text AS "public"."PaymentStatus") AND "public"."Payment"."createdAt" >= $2 AND "public"."Payment"."createdAt" <= $3) OFFSET $4) AS "sub"
prisma:query SELECT "public"."Content"."id", "public"."Content"."title", "public"."Content"."posterUrl", "public"."Content"."type"::text, "public"."Content"."totalViews", "public"."Content"."averageRating", COALESCE("aggr_selection_0_Rating"."_aggr_count_ratings", 0) AS "_aggr_count_ratings" FROM "public"."Content" LEFT JOIN (SELECT "public"."Rating"."contentId", COUNT(*) AS "_aggr_count_ratings" FROM "public"."Rating" WHERE 1=1 GROUP BY "public"."Rating"."contentId") AS "aggr_selection_0_Rating" ON ("public"."Content"."id" = "aggr_selection_0_Rating"."contentId") WHERE "public"."Content"."isPublished" = $1 ORDER BY "public"."Content"."totalViews" DESC LIMIT $2 OFFSET $3
prisma:query SELECT COUNT(*) FROM (SELECT "public"."User"."id" FROM "public"."User" WHERE ("public"."User"."createdAt" >= $1 AND "public"."User"."createdAt" <= $2) OFFSET $3) AS "sub"
[32m[Nest] 4564  - [39m25/04/2026, 19:17:23 [32m    LOG[39m [38;5;3m[HTTP] [39m[32mGET /api/v1/analytics/most-watched?limit=10 200 +18ms[39m
prisma:query SELECT SUM("amount") FROM (SELECT "public"."Payment"."amount" FROM "public"."Payment" WHERE ("public"."Payment"."status" = CAST($1::text AS "public"."PaymentStatus") AND "public"."Payment"."createdAt" >= $2 AND "public"."Payment"."createdAt" <= $3) OFFSET $4) AS "sub"
prisma:query SELECT COUNT(*) FROM (SELECT "public"."User"."id" FROM "public"."User" WHERE ("public"."User"."createdAt" >= $1 AND "public"."User"."createdAt" <= $2) OFFSET $3) AS "sub"
prisma:query SELECT SUM("amount") FROM (SELECT "public"."Payment"."amount" FROM "public"."Payment" WHERE ("public"."Payment"."status" = CAST($1::text AS "public"."PaymentStatus") AND "public"."Payment"."createdAt" >= $2 AND "public"."Payment"."createdAt" <= $3) OFFSET $4) AS "sub"
prisma:query SELECT COUNT(*) FROM (SELECT "public"."User"."id" FROM "public"."User" WHERE ("public"."User"."createdAt" >= $1 AND "public"."User"."createdAt" <= $2) OFFSET $3) AS "sub"
prisma:query SELECT SUM("amount") FROM (SELECT "public"."Payment"."amount" FROM "public"."Payment" WHERE ("public"."Payment"."status" = CAST($1::text AS "public"."PaymentStatus") AND "public"."Payment"."createdAt" >= $2 AND "public"."Payment"."createdAt" <= $3) OFFSET $4) AS "sub"
[32m[Nest] 4564  - [39m25/04/2026, 19:17:23 [32m    LOG[39m [38;5;3m[HTTP] [39m[32mGET /api/v1/analytics/revenue?months=6 200 +31ms[39m
prisma:query SELECT COUNT(*) FROM (SELECT "public"."User"."id" FROM "public"."User" WHERE ("public"."User"."createdAt" >= $1 AND "public"."User"."createdAt" <= $2) OFFSET $3) AS "sub"
[32m[Nest] 4564  - [39m25/04/2026, 19:17:23 [32m    LOG[39m [38;5;3m[HTTP] [39m[32mGET /api/v1/analytics/user-growth?months=6 200 +28ms[39m
prisma:query SELECT "public"."User"."id", "public"."User"."email", "public"."User"."password", "public"."User"."googleId", "public"."User"."role"::text, "public"."User"."isEmailVerified", "public"."User"."emailVerifyToken", "public"."User"."resetPasswordToken", "public"."User"."resetPasswordExpires", "public"."User"."refreshToken", "public"."User"."isBlocked", "public"."User"."lastLoginAt", "public"."User"."createdAt", "public"."User"."updatedAt" FROM "public"."User" WHERE ("public"."User"."id" = $1 AND 1=1) LIMIT $2 OFFSET $3
prisma:query SELECT "public"."User"."id", "public"."User"."email", "public"."User"."password", "public"."User"."googleId", "public"."User"."role"::text, "public"."User"."isEmailVerified", "public"."User"."emailVerifyToken", "public"."User"."resetPasswordToken", "public"."User"."resetPasswordExpires", "public"."User"."refreshToken", "public"."User"."isBlocked", "public"."User"."lastLoginAt", "public"."User"."createdAt", "public"."User"."updatedAt" FROM "public"."User" WHERE ("public"."User"."id" = $1 AND 1=1) LIMIT $2 OFFSET $3
prisma:query SELECT "public"."User"."id", "public"."User"."email", "public"."User"."password", "public"."User"."googleId", "public"."User"."role"::text, "public"."User"."isEmailVerified", "public"."User"."emailVerifyToken", "public"."User"."resetPasswordToken", "public"."User"."resetPasswordExpires", "public"."User"."refreshToken", "public"."User"."isBlocked", "public"."User"."lastLoginAt", "public"."User"."createdAt", "public"."User"."updatedAt" FROM "public"."User" WHERE ("public"."User"."id" = $1 AND 1=1) LIMIT $2 OFFSET $3
prisma:query SELECT "public"."User"."id", "public"."User"."email", "public"."User"."password", "public"."User"."googleId", "public"."User"."role"::text, "public"."User"."isEmailVerified", "public"."User"."emailVerifyToken", "public"."User"."resetPasswordToken", "public"."User"."resetPasswordExpires", "public"."User"."refreshToken", "public"."User"."isBlocked", "public"."User"."lastLoginAt", "public"."User"."createdAt", "public"."User"."updatedAt" FROM "public"."User" WHERE ("public"."User"."id" = $1 AND 1=1) LIMIT $2 OFFSET $3
prisma:query SELECT COUNT(*) FROM (SELECT "public"."User"."id" FROM "public"."User" WHERE 1=1 OFFSET $1) AS "sub"
prisma:query SELECT COUNT(*) FROM (SELECT "public"."User"."id" FROM "public"."User" WHERE 1=1 OFFSET $1) AS "sub"
prisma:query SELECT COUNT(*) FROM (SELECT "public"."User"."id" FROM "public"."User" WHERE "public"."User"."isBlocked" = $1 OFFSET $2) AS "sub"
prisma:query SELECT COUNT(*) FROM (SELECT "public"."User"."id" FROM "public"."User" WHERE "public"."User"."isBlocked" = $1 OFFSET $2) AS "sub"
prisma:query SELECT COUNT(*) FROM (SELECT "public"."User"."id" FROM "public"."User" WHERE "public"."User"."isEmailVerified" = $1 OFFSET $2) AS "sub"
prisma:query SELECT COUNT(*) FROM (SELECT "public"."User"."id" FROM "public"."User" WHERE "public"."User"."createdAt" >= $1 OFFSET $2) AS "sub"
prisma:query SELECT "public"."User"."id", "public"."User"."email", "public"."User"."role"::text, "public"."User"."isEmailVerified", "public"."User"."isBlocked", "public"."User"."lastLoginAt", "public"."User"."createdAt", COALESCE("aggr_selection_0_WatchHistory"."_aggr_count_watchHistory", 0) AS "_aggr_count_watchHistory" FROM "public"."User" LEFT JOIN (SELECT "public"."WatchHistory"."userId", COUNT(*) AS "_aggr_count_watchHistory" FROM "public"."WatchHistory" WHERE 1=1 GROUP BY "public"."WatchHistory"."userId") AS "aggr_selection_0_WatchHistory" ON ("public"."User"."id" = "aggr_selection_0_WatchHistory"."userId") WHERE 1=1 ORDER BY "public"."User"."createdAt" DESC LIMIT $1 OFFSET $2
[32m[Nest] 4564  - [39m25/04/2026, 19:17:31 [32m    LOG[39m [38;5;3m[HTTP] [39m[32mGET /api/v1/users/stats 200 +9ms[39m
prisma:query SELECT "public"."Profile"."id", "public"."Profile"."name", "public"."Profile"."avatar", "public"."Profile"."userId" FROM "public"."Profile" WHERE "public"."Profile"."userId" IN ($1,$2) OFFSET $3
prisma:query SELECT "public"."Subscription"."id", "public"."Subscription"."userId", "public"."Subscription"."planId", "public"."Subscription"."status"::text, "public"."Subscription"."currentPeriodStart", "public"."Subscription"."currentPeriodEnd", "public"."Subscription"."trialStart", "public"."Subscription"."trialEnd", "public"."Subscription"."cancelAtPeriodEnd", "public"."Subscription"."stripeSubscriptionId", "public"."Subscription"."stripeCustomerId", "public"."Subscription"."createdAt", "public"."Subscription"."updatedAt" FROM "public"."Subscription" WHERE "public"."Subscription"."userId" IN ($1,$2) OFFSET $3
prisma:query SELECT "public"."Plan"."id", "public"."Plan"."name", "public"."Plan"."planType"::text FROM "public"."Plan" WHERE "public"."Plan"."id" IN ($1,$2) OFFSET $3
[32m[Nest] 4564  - [39m25/04/2026, 19:17:31 [32m    LOG[39m [38;5;3m[HTTP] [39m[32mGET /api/v1/users?page=1&limit=20 200 +21ms[39m
prisma:query SELECT "public"."Content"."id", "public"."Content"."title", "public"."Content"."originalTitle", "public"."Content"."description", "public"."Content"."type"::text, "public"."Content"."posterUrl", "public"."Content"."bannerUrl", "public"."Content"."trailerUrl", "public"."Content"."videoUrl", "public"."Content"."duration", "public"."Content"."releaseYear", "public"."Content"."releaseDate", "public"."Content"."genres", "public"."Content"."cast", "public"."Content"."director", "public"."Content"."studio", "public"."Content"."country", "public"."Content"."language", "public"."Content"."maturityRating", "public"."Content"."isFeatured", "public"."Content"."isTrending", "public"."Content"."isNew", "public"."Content"."isPublished", "public"."Content"."scheduledAt", "public"."Content"."averageRating", "public"."Content"."totalViews", "public"."Content"."totalWatchTime", "public"."Content"."requiredPlan"::text, "public"."Content"."createdAt", "public"."Content"."updatedAt", COALESCE("aggr_selection_0_Season"."_aggr_count_seasons", 0) AS "_aggr_count_seasons", COALESCE("aggr_selection_1_WatchHistory"."_aggr_count_watchHistory", 0) AS "_aggr_count_watchHistory" FROM "public"."Content" LEFT JOIN (SELECT "public"."Season"."contentId", COUNT(*) AS "_aggr_count_seasons" FROM "public"."Season" WHERE 1=1 GROUP BY "public"."Season"."contentId") AS "aggr_selection_0_Season" ON ("public"."Content"."id" = "aggr_selection_0_Season"."contentId") LEFT JOIN (SELECT "public"."WatchHistory"."contentId", COUNT(*) AS "_aggr_count_watchHistory" FROM "public"."WatchHistory" WHERE 1=1 GROUP BY "public"."WatchHistory"."contentId") AS "aggr_selection_1_WatchHistory" ON ("public"."Content"."id" = "aggr_selection_1_WatchHistory"."contentId") WHERE ("public"."Content"."isPublished" = $1 AND ("public"."Content"."scheduledAt" IS NULL OR "public"."Content"."scheduledAt" <= $2)) ORDER BY "public"."Content"."createdAt" DESC LIMIT $3 OFFSET $4
prisma:query SELECT COUNT(*) FROM (SELECT "public"."Content"."id" FROM "public"."Content" WHERE ("public"."Content"."isPublished" = $1 AND ("public"."Content"."scheduledAt" IS NULL OR "public"."Content"."scheduledAt" <= $2)) OFFSET $3) AS "sub"
[32m[Nest] 4564  - [39m25/04/2026, 19:17:35 [32m    LOG[39m [38;5;3m[HTTP] [39m[32mGET /api/v1/content?page=1&limit=20 200 +12ms[39m
prisma:query SELECT 1
prisma:query SELECT "public"."User"."id", "public"."User"."email", "public"."User"."password", "public"."User"."googleId", "public"."User"."role"::text, "public"."User"."isEmailVerified", "public"."User"."emailVerifyToken", "public"."User"."resetPasswordToken", "public"."User"."resetPasswordExpires", "public"."User"."refreshToken", "public"."User"."isBlocked", "public"."User"."lastLoginAt", "public"."User"."createdAt", "public"."User"."updatedAt" FROM "public"."User" WHERE ("public"."User"."id" = $1 AND 1=1) LIMIT $2 OFFSET $3
prisma:query SELECT "public"."User"."id", "public"."User"."email", "public"."User"."password", "public"."User"."googleId", "public"."User"."role"::text, "public"."User"."isEmailVerified", "public"."User"."emailVerifyToken", "public"."User"."resetPasswordToken", "public"."User"."resetPasswordExpires", "public"."User"."refreshToken", "public"."User"."isBlocked", "public"."User"."lastLoginAt", "public"."User"."createdAt", "public"."User"."updatedAt" FROM "public"."User" WHERE ("public"."User"."id" = $1 AND 1=1) LIMIT $2 OFFSET $3
prisma:query SELECT 1
prisma:query SELECT "public"."User"."id", "public"."User"."email", "public"."User"."password", "public"."User"."googleId", "public"."User"."role"::text, "public"."User"."isEmailVerified", "public"."User"."emailVerifyToken", "public"."User"."resetPasswordToken", "public"."User"."resetPasswordExpires", "public"."User"."refreshToken", "public"."User"."isBlocked", "public"."User"."lastLoginAt", "public"."User"."createdAt", "public"."User"."updatedAt" FROM "public"."User" WHERE ("public"."User"."id" = $1 AND 1=1) LIMIT $2 OFFSET $3
prisma:query SELECT "public"."User"."id", "public"."User"."email", "public"."User"."password", "public"."User"."googleId", "public"."User"."role"::text, "public"."User"."isEmailVerified", "public"."User"."emailVerifyToken", "public"."User"."resetPasswordToken", "public"."User"."resetPasswordExpires", "public"."User"."refreshToken", "public"."User"."isBlocked", "public"."User"."lastLoginAt", "public"."User"."createdAt", "public"."User"."updatedAt" FROM "public"."User" WHERE ("public"."User"."id" = $1 AND 1=1) LIMIT $2 OFFSET $3
prisma:query SELECT 1
prisma:query SELECT 1
prisma:query SELECT 1
prisma:query SELECT 1
prisma:query SELECT 1
prisma:query SELECT 1
prisma:query SELECT 1
prisma:query SELECT 1
prisma:query SELECT 1
prisma:query SELECT COUNT(*) FROM (SELECT "public"."User"."id" FROM "public"."User" WHERE 1=1 OFFSET $1) AS "sub"
prisma:query SELECT 1
prisma:query SELECT SUM("amount") FROM (SELECT "public"."Payment"."amount" FROM "public"."Payment" WHERE "public"."Payment"."status" = CAST($1::text AS "public"."PaymentStatus") OFFSET $2) AS "sub"
prisma:query SELECT COUNT(*) FROM (SELECT "public"."User"."id" FROM "public"."User" WHERE "public"."User"."createdAt" >= $1 OFFSET $2) AS "sub"
prisma:query SELECT COUNT(*) FROM (SELECT "public"."Subscription"."id" FROM "public"."Subscription" WHERE "public"."Subscription"."status" IN (CAST($1::text AS "public"."SubscriptionStatus"),CAST($2::text AS "public"."SubscriptionStatus")) OFFSET $3) AS "sub"
prisma:query SELECT SUM("amount") FROM (SELECT "public"."Payment"."amount" FROM "public"."Payment" WHERE ("public"."Payment"."status" = CAST($1::text AS "public"."PaymentStatus") AND "public"."Payment"."createdAt" >= $2 AND "public"."Payment"."createdAt" <= $3) OFFSET $4) AS "sub"
prisma:query SELECT SUM("amount") FROM (SELECT "public"."Payment"."amount" FROM "public"."Payment" WHERE ("public"."Payment"."status" = CAST($1::text AS "public"."PaymentStatus") AND "public"."Payment"."createdAt" >= $2) OFFSET $3) AS "sub"
prisma:query SELECT SUM("duration") FROM (SELECT "public"."WatchHistory"."duration" FROM "public"."WatchHistory" WHERE 1=1 OFFSET $1) AS "sub"
prisma:query SELECT COUNT(*) FROM (SELECT "public"."User"."id" FROM "public"."User" WHERE ("public"."User"."createdAt" >= $1 AND "public"."User"."createdAt" <= $2) OFFSET $3) AS "sub"
prisma:query SELECT SUM("amount") FROM (SELECT "public"."Payment"."amount" FROM "public"."Payment" WHERE ("public"."Payment"."status" = CAST($1::text AS "public"."PaymentStatus") AND "public"."Payment"."createdAt" >= $2 AND "public"."Payment"."createdAt" <= $3) OFFSET $4) AS "sub"
prisma:query SELECT COUNT(*) FROM (SELECT "public"."User"."id" FROM "public"."User" WHERE ("public"."User"."createdAt" >= $1 AND "public"."User"."createdAt" <= $2) OFFSET $3) AS "sub"
prisma:query SELECT "public"."Subscription"."id", "public"."Subscription"."userId", "public"."Subscription"."planId", "public"."Subscription"."status"::text, "public"."Subscription"."currentPeriodStart", "public"."Subscription"."currentPeriodEnd", "public"."Subscription"."trialStart", "public"."Subscription"."trialEnd", "public"."Subscription"."cancelAtPeriodEnd", "public"."Subscription"."stripeSubscriptionId", "public"."Subscription"."stripeCustomerId", "public"."Subscription"."createdAt", "public"."Subscription"."updatedAt" FROM "public"."Subscription" WHERE "public"."Subscription"."status" IN (CAST($1::text AS "public"."SubscriptionStatus"),CAST($2::text AS "public"."SubscriptionStatus")) OFFSET $3
prisma:query SELECT COUNT(*) FROM (SELECT "public"."Content"."id" FROM "public"."Content" WHERE "public"."Content"."isPublished" = $1 OFFSET $2) AS "sub"
prisma:query SELECT SUM("amount") FROM (SELECT "public"."Payment"."amount" FROM "public"."Payment" WHERE ("public"."Payment"."status" = CAST($1::text AS "public"."PaymentStatus") AND "public"."Payment"."createdAt" >= $2 AND "public"."Payment"."createdAt" <= $3) OFFSET $4) AS "sub"
prisma:query SELECT COUNT(*) FROM (SELECT "public"."User"."id" FROM "public"."User" WHERE ("public"."User"."createdAt" >= $1 AND "public"."User"."createdAt" <= $2) OFFSET $3) AS "sub"
prisma:query SELECT SUM("amount") FROM (SELECT "public"."Payment"."amount" FROM "public"."Payment" WHERE ("public"."Payment"."status" = CAST($1::text AS "public"."PaymentStatus") AND "public"."Payment"."createdAt" >= $2 AND "public"."Payment"."createdAt" <= $3) OFFSET $4) AS "sub"
prisma:query SELECT COUNT(*) FROM (SELECT "public"."User"."id" FROM "public"."User" WHERE ("public"."User"."createdAt" >= $1 AND "public"."User"."createdAt" <= $2) OFFSET $3) AS "sub"
prisma:query SELECT "public"."Plan"."id", "public"."Plan"."name", "public"."Plan"."planType"::text FROM "public"."Plan" WHERE "public"."Plan"."id" IN ($1,$2) OFFSET $3
prisma:query SELECT "public"."Content"."id", "public"."Content"."title", "public"."Content"."posterUrl", "public"."Content"."type"::text, "public"."Content"."totalViews", "public"."Content"."averageRating", COALESCE("aggr_selection_0_Rating"."_aggr_count_ratings", 0) AS "_aggr_count_ratings" FROM "public"."Content" LEFT JOIN (SELECT "public"."Rating"."contentId", COUNT(*) AS "_aggr_count_ratings" FROM "public"."Rating" WHERE 1=1 GROUP BY "public"."Rating"."contentId") AS "aggr_selection_0_Rating" ON ("public"."Content"."id" = "aggr_selection_0_Rating"."contentId") WHERE "public"."Content"."isPublished" = $1 ORDER BY "public"."Content"."totalViews" DESC LIMIT $2 OFFSET $3
prisma:query SELECT SUM("amount") FROM (SELECT "public"."Payment"."amount" FROM "public"."Payment" WHERE ("public"."Payment"."status" = CAST($1::text AS "public"."PaymentStatus") AND "public"."Payment"."createdAt" >= $2 AND "public"."Payment"."createdAt" <= $3) OFFSET $4) AS "sub"
prisma:query SELECT COUNT(*) FROM (SELECT "public"."User"."id" FROM "public"."User" WHERE ("public"."User"."createdAt" >= $1 AND "public"."User"."createdAt" <= $2) OFFSET $3) AS "sub"
prisma:query SELECT COUNT(*) FROM (SELECT "public"."User"."id" FROM "public"."User" WHERE ("public"."User"."createdAt" >= $1 AND "public"."User"."createdAt" <= $2) OFFSET $3) AS "sub"
prisma:query SELECT SUM("amount") FROM (SELECT "public"."Payment"."amount" FROM "public"."Payment" WHERE ("public"."Payment"."status" = CAST($1::text AS "public"."PaymentStatus") AND "public"."Payment"."createdAt" >= $2 AND "public"."Payment"."createdAt" <= $3) OFFSET $4) AS "sub"
[32m[Nest] 4564  - [39m25/04/2026, 19:19:54 [32m    LOG[39m [38;5;3m[HTTP] [39m[32mGET /api/v1/admin/dashboard 200 +18ms[39m
prisma:query SELECT 1
prisma:query SELECT 1
prisma:query SELECT 1
prisma:query SELECT "public"."User"."id", "public"."User"."email", "public"."User"."password", "public"."User"."googleId", "public"."User"."role"::text, "public"."User"."isEmailVerified", "public"."User"."emailVerifyToken", "public"."User"."resetPasswordToken", "public"."User"."resetPasswordExpires", "public"."User"."refreshToken", "public"."User"."isBlocked", "public"."User"."lastLoginAt", "public"."User"."createdAt", "public"."User"."updatedAt" FROM "public"."User" WHERE ("public"."User"."id" = $1 AND 1=1) LIMIT $2 OFFSET $3
prisma:query SELECT "public"."Plan"."id", "public"."Plan"."name", "public"."Plan"."planType"::text, "public"."Plan"."price", "public"."Plan"."currency", "public"."Plan"."description", "public"."Plan"."features", "public"."Plan"."maxProfiles", "public"."Plan"."maxDevices", "public"."Plan"."videoQuality", "public"."Plan"."hasDownloads", "public"."Plan"."trialDays", "public"."Plan"."stripeProductId", "public"."Plan"."stripePriceId", "public"."Plan"."isActive", "public"."Plan"."createdAt", "public"."Plan"."updatedAt" FROM "public"."Plan" WHERE "public"."Plan"."isActive" = $1 ORDER BY "public"."Plan"."price" ASC OFFSET $2
prisma:query SELECT "public"."User"."id", "public"."User"."email", "public"."User"."password", "public"."User"."googleId", "public"."User"."role"::text, "public"."User"."isEmailVerified", "public"."User"."emailVerifyToken", "public"."User"."resetPasswordToken", "public"."User"."resetPasswordExpires", "public"."User"."refreshToken", "public"."User"."isBlocked", "public"."User"."lastLoginAt", "public"."User"."createdAt", "public"."User"."updatedAt" FROM "public"."User" WHERE ("public"."User"."id" = $1 AND 1=1) LIMIT $2 OFFSET $3
[32m[Nest] 4564  - [39m25/04/2026, 19:20:31 [32m    LOG[39m [38;5;3m[HTTP] [39m[32mGET /api/v1/subscriptions/plans 200 +11ms[39m
prisma:query SELECT "public"."User"."id", "public"."User"."email", "public"."User"."password", "public"."User"."googleId", "public"."User"."role"::text, "public"."User"."isEmailVerified", "public"."User"."emailVerifyToken", "public"."User"."resetPasswordToken", "public"."User"."resetPasswordExpires", "public"."User"."refreshToken", "public"."User"."isBlocked", "public"."User"."lastLoginAt", "public"."User"."createdAt", "public"."User"."updatedAt" FROM "public"."User" WHERE ("public"."User"."id" = $1 AND 1=1) LIMIT $2 OFFSET $3
prisma:query SELECT "public"."User"."id", "public"."User"."email", "public"."User"."password", "public"."User"."googleId", "public"."User"."role"::text, "public"."User"."isEmailVerified", "public"."User"."emailVerifyToken", "public"."User"."resetPasswordToken", "public"."User"."resetPasswordExpires", "public"."User"."refreshToken", "public"."User"."isBlocked", "public"."User"."lastLoginAt", "public"."User"."createdAt", "public"."User"."updatedAt" FROM "public"."User" WHERE ("public"."User"."id" = $1 AND 1=1) LIMIT $2 OFFSET $3
prisma:query SELECT "public"."User"."id", "public"."User"."email", "public"."User"."password", "public"."User"."googleId", "public"."User"."role"::text, "public"."User"."isEmailVerified", "public"."User"."emailVerifyToken", "public"."User"."resetPasswordToken", "public"."User"."resetPasswordExpires", "public"."User"."refreshToken", "public"."User"."isBlocked", "public"."User"."lastLoginAt", "public"."User"."createdAt", "public"."User"."updatedAt" FROM "public"."User" WHERE ("public"."User"."id" = $1 AND 1=1) LIMIT $2 OFFSET $3
prisma:query SELECT "public"."User"."id", "public"."User"."email", "public"."User"."password", "public"."User"."googleId", "public"."User"."role"::text, "public"."User"."isEmailVerified", "public"."User"."emailVerifyToken", "public"."User"."resetPasswordToken", "public"."User"."resetPasswordExpires", "public"."User"."refreshToken", "public"."User"."isBlocked", "public"."User"."lastLoginAt", "public"."User"."createdAt", "public"."User"."updatedAt" FROM "public"."User" WHERE ("public"."User"."id" = $1 AND 1=1) LIMIT $2 OFFSET $3
prisma:query SELECT COUNT(*) FROM (SELECT "public"."Notification"."id" FROM "public"."Notification" WHERE ("public"."Notification"."userId" = $1 AND "public"."Notification"."isRead" = $2) OFFSET $3) AS "sub"
[32m[Nest] 4564  - [39m25/04/2026, 19:20:31 [32m    LOG[39m [38;5;3m[HTTP] [39m[32mGET /api/v1/notifications/unread-count 200 +5ms[39m
prisma:query SELECT "public"."Subscription"."id", "public"."Subscription"."userId", "public"."Subscription"."planId", "public"."Subscription"."status"::text, "public"."Subscription"."currentPeriodStart", "public"."Subscription"."currentPeriodEnd", "public"."Subscription"."trialStart", "public"."Subscription"."trialEnd", "public"."Subscription"."cancelAtPeriodEnd", "public"."Subscription"."stripeSubscriptionId", "public"."Subscription"."stripeCustomerId", "public"."Subscription"."createdAt", "public"."Subscription"."updatedAt" FROM "public"."Subscription" WHERE ("public"."Subscription"."userId" = $1 AND 1=1) LIMIT $2 OFFSET $3
prisma:query SELECT "public"."Notification"."id", "public"."Notification"."userId", "public"."Notification"."title", "public"."Notification"."message", "public"."Notification"."type", "public"."Notification"."isRead", "public"."Notification"."metadata", "public"."Notification"."createdAt" FROM "public"."Notification" WHERE "public"."Notification"."userId" = $1 ORDER BY "public"."Notification"."createdAt" DESC LIMIT $2 OFFSET $3
[32m[Nest] 4564  - [39m25/04/2026, 19:20:31 [32m    LOG[39m [38;5;3m[HTTP] [39m[32mGET /api/v1/notifications 200 +6ms[39m
prisma:query SELECT "public"."Plan"."id", "public"."Plan"."name", "public"."Plan"."planType"::text, "public"."Plan"."price", "public"."Plan"."currency", "public"."Plan"."description", "public"."Plan"."features", "public"."Plan"."maxProfiles", "public"."Plan"."maxDevices", "public"."Plan"."videoQuality", "public"."Plan"."hasDownloads", "public"."Plan"."trialDays", "public"."Plan"."stripeProductId", "public"."Plan"."stripePriceId", "public"."Plan"."isActive", "public"."Plan"."createdAt", "public"."Plan"."updatedAt" FROM "public"."Plan" WHERE "public"."Plan"."id" IN ($1) OFFSET $2
[32m[Nest] 4564  - [39m25/04/2026, 19:20:31 [32m    LOG[39m [38;5;3m[HTTP] [39m[32mGET /api/v1/subscriptions/my 200 +12ms[39m
prisma:query SELECT "public"."Plan"."id", "public"."Plan"."name", "public"."Plan"."planType"::text, "public"."Plan"."price", "public"."Plan"."currency", "public"."Plan"."description", "public"."Plan"."features", "public"."Plan"."maxProfiles", "public"."Plan"."maxDevices", "public"."Plan"."videoQuality", "public"."Plan"."hasDownloads", "public"."Plan"."trialDays", "public"."Plan"."stripeProductId", "public"."Plan"."stripePriceId", "public"."Plan"."isActive", "public"."Plan"."createdAt", "public"."Plan"."updatedAt" FROM "public"."Plan" WHERE "public"."Plan"."isActive" = $1 ORDER BY "public"."Plan"."price" ASC OFFSET $2
prisma:query SELECT "public"."User"."id", "public"."User"."email", "public"."User"."password", "public"."User"."googleId", "public"."User"."role"::text, "public"."User"."isEmailVerified", "public"."User"."emailVerifyToken", "public"."User"."resetPasswordToken", "public"."User"."resetPasswordExpires", "public"."User"."refreshToken", "public"."User"."isBlocked", "public"."User"."lastLoginAt", "public"."User"."createdAt", "public"."User"."updatedAt" FROM "public"."User" WHERE ("public"."User"."id" = $1 AND 1=1) LIMIT $2 OFFSET $3
prisma:query SELECT "public"."User"."id", "public"."User"."email", "public"."User"."password", "public"."User"."googleId", "public"."User"."role"::text, "public"."User"."isEmailVerified", "public"."User"."emailVerifyToken", "public"."User"."resetPasswordToken", "public"."User"."resetPasswordExpires", "public"."User"."refreshToken", "public"."User"."isBlocked", "public"."User"."lastLoginAt", "public"."User"."createdAt", "public"."User"."updatedAt" FROM "public"."User" WHERE ("public"."User"."id" = $1 AND 1=1) LIMIT $2 OFFSET $3
[32m[Nest] 4564  - [39m25/04/2026, 19:20:33 [32m    LOG[39m [38;5;3m[HTTP] [39m[32mGET /api/v1/subscriptions/plans 200 +5ms[39m
prisma:query SELECT "public"."User"."id", "public"."User"."email", "public"."User"."password", "public"."User"."googleId", "public"."User"."role"::text, "public"."User"."isEmailVerified", "public"."User"."emailVerifyToken", "public"."User"."resetPasswordToken", "public"."User"."resetPasswordExpires", "public"."User"."refreshToken", "public"."User"."isBlocked", "public"."User"."lastLoginAt", "public"."User"."createdAt", "public"."User"."updatedAt" FROM "public"."User" WHERE ("public"."User"."id" = $1 AND 1=1) LIMIT $2 OFFSET $3
prisma:query SELECT "public"."User"."id", "public"."User"."email", "public"."User"."password", "public"."User"."googleId", "public"."User"."role"::text, "public"."User"."isEmailVerified", "public"."User"."emailVerifyToken", "public"."User"."resetPasswordToken", "public"."User"."resetPasswordExpires", "public"."User"."refreshToken", "public"."User"."isBlocked", "public"."User"."lastLoginAt", "public"."User"."createdAt", "public"."User"."updatedAt" FROM "public"."User" WHERE ("public"."User"."id" = $1 AND 1=1) LIMIT $2 OFFSET $3
prisma:query SELECT "public"."User"."id", "public"."User"."email", "public"."User"."password", "public"."User"."googleId", "public"."User"."role"::text, "public"."User"."isEmailVerified", "public"."User"."emailVerifyToken", "public"."User"."resetPasswordToken", "public"."User"."resetPasswordExpires", "public"."User"."refreshToken", "public"."User"."isBlocked", "public"."User"."lastLoginAt", "public"."User"."createdAt", "public"."User"."updatedAt" FROM "public"."User" WHERE ("public"."User"."id" = $1 AND 1=1) LIMIT $2 OFFSET $3
prisma:query SELECT "public"."User"."id", "public"."User"."email", "public"."User"."password", "public"."User"."googleId", "public"."User"."role"::text, "public"."User"."isEmailVerified", "public"."User"."emailVerifyToken", "public"."User"."resetPasswordToken", "public"."User"."resetPasswordExpires", "public"."User"."refreshToken", "public"."User"."isBlocked", "public"."User"."lastLoginAt", "public"."User"."createdAt", "public"."User"."updatedAt" FROM "public"."User" WHERE ("public"."User"."id" = $1 AND 1=1) LIMIT $2 OFFSET $3
prisma:query SELECT "public"."Notification"."id", "public"."Notification"."userId", "public"."Notification"."title", "public"."Notification"."message", "public"."Notification"."type", "public"."Notification"."isRead", "public"."Notification"."metadata", "public"."Notification"."createdAt" FROM "public"."Notification" WHERE "public"."Notification"."userId" = $1 ORDER BY "public"."Notification"."createdAt" DESC LIMIT $2 OFFSET $3
[32m[Nest] 4564  - [39m25/04/2026, 19:20:33 [32m    LOG[39m [38;5;3m[HTTP] [39m[32mGET /api/v1/notifications 200 +2ms[39m
prisma:query SELECT COUNT(*) FROM (SELECT "public"."Notification"."id" FROM "public"."Notification" WHERE ("public"."Notification"."userId" = $1 AND "public"."Notification"."isRead" = $2) OFFSET $3) AS "sub"
[32m[Nest] 4564  - [39m25/04/2026, 19:20:33 [32m    LOG[39m [38;5;3m[HTTP] [39m[32mGET /api/v1/notifications/unread-count 200 +5ms[39m
prisma:query SELECT "public"."Subscription"."id", "public"."Subscription"."userId", "public"."Subscription"."planId", "public"."Subscription"."status"::text, "public"."Subscription"."currentPeriodStart", "public"."Subscription"."currentPeriodEnd", "public"."Subscription"."trialStart", "public"."Subscription"."trialEnd", "public"."Subscription"."cancelAtPeriodEnd", "public"."Subscription"."stripeSubscriptionId", "public"."Subscription"."stripeCustomerId", "public"."Subscription"."createdAt", "public"."Subscription"."updatedAt" FROM "public"."Subscription" WHERE ("public"."Subscription"."userId" = $1 AND 1=1) LIMIT $2 OFFSET $3
prisma:query SELECT "public"."Plan"."id", "public"."Plan"."name", "public"."Plan"."planType"::text, "public"."Plan"."price", "public"."Plan"."currency", "public"."Plan"."description", "public"."Plan"."features", "public"."Plan"."maxProfiles", "public"."Plan"."maxDevices", "public"."Plan"."videoQuality", "public"."Plan"."hasDownloads", "public"."Plan"."trialDays", "public"."Plan"."stripeProductId", "public"."Plan"."stripePriceId", "public"."Plan"."isActive", "public"."Plan"."createdAt", "public"."Plan"."updatedAt" FROM "public"."Plan" WHERE "public"."Plan"."id" IN ($1) OFFSET $2
[32m[Nest] 4564  - [39m25/04/2026, 19:20:33 [32m    LOG[39m [38;5;3m[HTTP] [39m[32mGET /api/v1/subscriptions/my 200 +8ms[39m
prisma:query SELECT "public"."Plan"."id", "public"."Plan"."name", "public"."Plan"."planType"::text, "public"."Plan"."price", "public"."Plan"."currency", "public"."Plan"."description", "public"."Plan"."features", "public"."Plan"."maxProfiles", "public"."Plan"."maxDevices", "public"."Plan"."videoQuality", "public"."Plan"."hasDownloads", "public"."Plan"."trialDays", "public"."Plan"."stripeProductId", "public"."Plan"."stripePriceId", "public"."Plan"."isActive", "public"."Plan"."createdAt", "public"."Plan"."updatedAt" FROM "public"."Plan" WHERE "public"."Plan"."isActive" = $1 ORDER BY "public"."Plan"."price" ASC OFFSET $2
prisma:query SELECT "public"."User"."id", "public"."User"."email", "public"."User"."password", "public"."User"."googleId", "public"."User"."role"::text, "public"."User"."isEmailVerified", "public"."User"."emailVerifyToken", "public"."User"."resetPasswordToken", "public"."User"."resetPasswordExpires", "public"."User"."refreshToken", "public"."User"."isBlocked", "public"."User"."lastLoginAt", "public"."User"."createdAt", "public"."User"."updatedAt" FROM "public"."User" WHERE ("public"."User"."id" = $1 AND 1=1) LIMIT $2 OFFSET $3
prisma:query SELECT "public"."User"."id", "public"."User"."email", "public"."User"."password", "public"."User"."googleId", "public"."User"."role"::text, "public"."User"."isEmailVerified", "public"."User"."emailVerifyToken", "public"."User"."resetPasswordToken", "public"."User"."resetPasswordExpires", "public"."User"."refreshToken", "public"."User"."isBlocked", "public"."User"."lastLoginAt", "public"."User"."createdAt", "public"."User"."updatedAt" FROM "public"."User" WHERE ("public"."User"."id" = $1 AND 1=1) LIMIT $2 OFFSET $3
[32m[Nest] 4564  - [39m25/04/2026, 19:20:38 [32m    LOG[39m [38;5;3m[HTTP] [39m[32mGET /api/v1/subscriptions/plans 200 +5ms[39m
prisma:query SELECT "public"."User"."id", "public"."User"."email", "public"."User"."password", "public"."User"."googleId", "public"."User"."role"::text, "public"."User"."isEmailVerified", "public"."User"."emailVerifyToken", "public"."User"."resetPasswordToken", "public"."User"."resetPasswordExpires", "public"."User"."refreshToken", "public"."User"."isBlocked", "public"."User"."lastLoginAt", "public"."User"."createdAt", "public"."User"."updatedAt" FROM "public"."User" WHERE ("public"."User"."id" = $1 AND 1=1) LIMIT $2 OFFSET $3
prisma:query SELECT "public"."User"."id", "public"."User"."email", "public"."User"."password", "public"."User"."googleId", "public"."User"."role"::text, "public"."User"."isEmailVerified", "public"."User"."emailVerifyToken", "public"."User"."resetPasswordToken", "public"."User"."resetPasswordExpires", "public"."User"."refreshToken", "public"."User"."isBlocked", "public"."User"."lastLoginAt", "public"."User"."createdAt", "public"."User"."updatedAt" FROM "public"."User" WHERE ("public"."User"."id" = $1 AND 1=1) LIMIT $2 OFFSET $3
prisma:query SELECT "public"."User"."id", "public"."User"."email", "public"."User"."password", "public"."User"."googleId", "public"."User"."role"::text, "public"."User"."isEmailVerified", "public"."User"."emailVerifyToken", "public"."User"."resetPasswordToken", "public"."User"."resetPasswordExpires", "public"."User"."refreshToken", "public"."User"."isBlocked", "public"."User"."lastLoginAt", "public"."User"."createdAt", "public"."User"."updatedAt" FROM "public"."User" WHERE ("public"."User"."id" = $1 AND 1=1) LIMIT $2 OFFSET $3
prisma:query SELECT "public"."User"."id", "public"."User"."email", "public"."User"."password", "public"."User"."googleId", "public"."User"."role"::text, "public"."User"."isEmailVerified", "public"."User"."emailVerifyToken", "public"."User"."resetPasswordToken", "public"."User"."resetPasswordExpires", "public"."User"."refreshToken", "public"."User"."isBlocked", "public"."User"."lastLoginAt", "public"."User"."createdAt", "public"."User"."updatedAt" FROM "public"."User" WHERE ("public"."User"."id" = $1 AND 1=1) LIMIT $2 OFFSET $3
prisma:query SELECT COUNT(*) FROM (SELECT "public"."Notification"."id" FROM "public"."Notification" WHERE ("public"."Notification"."userId" = $1 AND "public"."Notification"."isRead" = $2) OFFSET $3) AS "sub"
[32m[Nest] 4564  - [39m25/04/2026, 19:20:38 [32m    LOG[39m [38;5;3m[HTTP] [39m[32mGET /api/v1/notifications/unread-count 200 +2ms[39m
prisma:query SELECT "public"."Notification"."id", "public"."Notification"."userId", "public"."Notification"."title", "public"."Notification"."message", "public"."Notification"."type", "public"."Notification"."isRead", "public"."Notification"."metadata", "public"."Notification"."createdAt" FROM "public"."Notification" WHERE "public"."Notification"."userId" = $1 ORDER BY "public"."Notification"."createdAt" DESC LIMIT $2 OFFSET $3
prisma:query SELECT "public"."Subscription"."id", "public"."Subscription"."userId", "public"."Subscription"."planId", "public"."Subscription"."status"::text, "public"."Subscription"."currentPeriodStart", "public"."Subscription"."currentPeriodEnd", "public"."Subscription"."trialStart", "public"."Subscription"."trialEnd", "public"."Subscription"."cancelAtPeriodEnd", "public"."Subscription"."stripeSubscriptionId", "public"."Subscription"."stripeCustomerId", "public"."Subscription"."createdAt", "public"."Subscription"."updatedAt" FROM "public"."Subscription" WHERE ("public"."Subscription"."userId" = $1 AND 1=1) LIMIT $2 OFFSET $3
[32m[Nest] 4564  - [39m25/04/2026, 19:20:38 [32m    LOG[39m [38;5;3m[HTTP] [39m[32mGET /api/v1/notifications 200 +4ms[39m
prisma:query SELECT "public"."Plan"."id", "public"."Plan"."name", "public"."Plan"."planType"::text, "public"."Plan"."price", "public"."Plan"."currency", "public"."Plan"."description", "public"."Plan"."features", "public"."Plan"."maxProfiles", "public"."Plan"."maxDevices", "public"."Plan"."videoQuality", "public"."Plan"."hasDownloads", "public"."Plan"."trialDays", "public"."Plan"."stripeProductId", "public"."Plan"."stripePriceId", "public"."Plan"."isActive", "public"."Plan"."createdAt", "public"."Plan"."updatedAt" FROM "public"."Plan" WHERE "public"."Plan"."id" IN ($1) OFFSET $2
[32m[Nest] 4564  - [39m25/04/2026, 19:20:38 [32m    LOG[39m [38;5;3m[HTTP] [39m[32mGET /api/v1/subscriptions/my 200 +5ms[39m
prisma:query SELECT "public"."Content"."id", "public"."Content"."genres" FROM "public"."Content" WHERE "public"."Content"."isPublished" = $1 OFFSET $2
[32m[Nest] 4564  - [39m25/04/2026, 19:20:44 [32m    LOG[39m [38;5;3m[HTTP] [39m[32mGET /api/v1/content/genres 200 +5ms[39m
prisma:query SELECT "public"."Content"."id", "public"."Content"."title", "public"."Content"."originalTitle", "public"."Content"."description", "public"."Content"."type"::text, "public"."Content"."posterUrl", "public"."Content"."bannerUrl", "public"."Content"."trailerUrl", "public"."Content"."videoUrl", "public"."Content"."duration", "public"."Content"."releaseYear", "public"."Content"."releaseDate", "public"."Content"."genres", "public"."Content"."cast", "public"."Content"."director", "public"."Content"."studio", "public"."Content"."country", "public"."Content"."language", "public"."Content"."maturityRating", "public"."Content"."isFeatured", "public"."Content"."isTrending", "public"."Content"."isNew", "public"."Content"."isPublished", "public"."Content"."scheduledAt", "public"."Content"."averageRating", "public"."Content"."totalViews", "public"."Content"."totalWatchTime", "public"."Content"."requiredPlan"::text, "public"."Content"."createdAt", "public"."Content"."updatedAt", COALESCE("aggr_selection_0_Season"."_aggr_count_seasons", 0) AS "_aggr_count_seasons", COALESCE("aggr_selection_1_WatchHistory"."_aggr_count_watchHistory", 0) AS "_aggr_count_watchHistory" FROM "public"."Content" LEFT JOIN (SELECT "public"."Season"."contentId", COUNT(*) AS "_aggr_count_seasons" FROM "public"."Season" WHERE 1=1 GROUP BY "public"."Season"."contentId") AS "aggr_selection_0_Season" ON ("public"."Content"."id" = "aggr_selection_0_Season"."contentId") LEFT JOIN (SELECT "public"."WatchHistory"."contentId", COUNT(*) AS "_aggr_count_watchHistory" FROM "public"."WatchHistory" WHERE 1=1 GROUP BY "public"."WatchHistory"."contentId") AS "aggr_selection_1_WatchHistory" ON ("public"."Content"."id" = "aggr_selection_1_WatchHistory"."contentId") WHERE ("public"."Content"."isPublished" = $1 AND "public"."Content"."type" = CAST($2::text AS "public"."ContentType") AND ("public"."Content"."scheduledAt" IS NULL OR "public"."Content"."scheduledAt" <= $3)) ORDER BY "public"."Content"."totalViews" DESC LIMIT $4 OFFSET $5
prisma:query SELECT COUNT(*) FROM (SELECT "public"."Content"."id" FROM "public"."Content" WHERE ("public"."Content"."isPublished" = $1 AND "public"."Content"."type" = CAST($2::text AS "public"."ContentType") AND ("public"."Content"."scheduledAt" IS NULL OR "public"."Content"."scheduledAt" <= $3)) OFFSET $4) AS "sub"
[32m[Nest] 4564  - [39m25/04/2026, 19:20:44 [32m    LOG[39m [38;5;3m[HTTP] [39m[32mGET /api/v1/content?type=SERIES&sortBy=totalViews&sortOrder=desc&page=1&limit=24 200 +17ms[39m
prisma:query SELECT "public"."Content"."id", "public"."Content"."title", "public"."Content"."originalTitle", "public"."Content"."description", "public"."Content"."type"::text, "public"."Content"."posterUrl", "public"."Content"."bannerUrl", "public"."Content"."trailerUrl", "public"."Content"."videoUrl", "public"."Content"."duration", "public"."Content"."releaseYear", "public"."Content"."releaseDate", "public"."Content"."genres", "public"."Content"."cast", "public"."Content"."director", "public"."Content"."studio", "public"."Content"."country", "public"."Content"."language", "public"."Content"."maturityRating", "public"."Content"."isFeatured", "public"."Content"."isTrending", "public"."Content"."isNew", "public"."Content"."isPublished", "public"."Content"."scheduledAt", "public"."Content"."averageRating", "public"."Content"."totalViews", "public"."Content"."totalWatchTime", "public"."Content"."requiredPlan"::text, "public"."Content"."createdAt", "public"."Content"."updatedAt" FROM "public"."Content" WHERE ("public"."Content"."isFeatured" = $1 AND "public"."Content"."isPublished" = $2) ORDER BY "public"."Content"."totalViews" DESC LIMIT $3 OFFSET $4
[32m[Nest] 4564  - [39m25/04/2026, 19:20:45 [32m    LOG[39m [38;5;3m[HTTP] [39m[32mGET /api/v1/content/featured 200 +6ms[39m
prisma:query SELECT "public"."Content"."id", "public"."Content"."title", "public"."Content"."originalTitle", "public"."Content"."description", "public"."Content"."type"::text, "public"."Content"."posterUrl", "public"."Content"."bannerUrl", "public"."Content"."trailerUrl", "public"."Content"."videoUrl", "public"."Content"."duration", "public"."Content"."releaseYear", "public"."Content"."releaseDate", "public"."Content"."genres", "public"."Content"."cast", "public"."Content"."director", "public"."Content"."studio", "public"."Content"."country", "public"."Content"."language", "public"."Content"."maturityRating", "public"."Content"."isFeatured", "public"."Content"."isTrending", "public"."Content"."isNew", "public"."Content"."isPublished", "public"."Content"."scheduledAt", "public"."Content"."averageRating", "public"."Content"."totalViews", "public"."Content"."totalWatchTime", "public"."Content"."requiredPlan"::text, "public"."Content"."createdAt", "public"."Content"."updatedAt", COALESCE("aggr_selection_0_WatchHistory"."_aggr_count_watchHistory", 0) AS "_aggr_count_watchHistory" FROM "public"."Content" LEFT JOIN (SELECT "public"."WatchHistory"."contentId", COUNT(*) AS "_aggr_count_watchHistory" FROM "public"."WatchHistory" WHERE 1=1 GROUP BY "public"."WatchHistory"."contentId") AS "aggr_selection_0_WatchHistory" ON ("public"."Content"."id" = "aggr_selection_0_WatchHistory"."contentId") WHERE ("public"."Content"."isTrending" = $1 AND "public"."Content"."isPublished" = $2) ORDER BY "public"."Content"."totalViews" DESC LIMIT $3 OFFSET $4
[32m[Nest] 4564  - [39m25/04/2026, 19:20:45 [32m    LOG[39m [38;5;3m[HTTP] [39m[32mGET /api/v1/content/trending 200 +7ms[39m
prisma:query SELECT "public"."Content"."id", "public"."Content"."title", "public"."Content"."originalTitle", "public"."Content"."description", "public"."Content"."type"::text, "public"."Content"."posterUrl", "public"."Content"."bannerUrl", "public"."Content"."trailerUrl", "public"."Content"."videoUrl", "public"."Content"."duration", "public"."Content"."releaseYear", "public"."Content"."releaseDate", "public"."Content"."genres", "public"."Content"."cast", "public"."Content"."director", "public"."Content"."studio", "public"."Content"."country", "public"."Content"."language", "public"."Content"."maturityRating", "public"."Content"."isFeatured", "public"."Content"."isTrending", "public"."Content"."isNew", "public"."Content"."isPublished", "public"."Content"."scheduledAt", "public"."Content"."averageRating", "public"."Content"."totalViews", "public"."Content"."totalWatchTime", "public"."Content"."requiredPlan"::text, "public"."Content"."createdAt", "public"."Content"."updatedAt" FROM "public"."Content" WHERE ("public"."Content"."isNew" = $1 AND "public"."Content"."isPublished" = $2) ORDER BY "public"."Content"."releaseDate" DESC LIMIT $3 OFFSET $4
[32m[Nest] 4564  - [39m25/04/2026, 19:20:45 [32m    LOG[39m [38;5;3m[HTTP] [39m[32mGET /api/v1/content/new-releases 200 +3ms[39m
prisma:query SELECT "public"."User"."id", "public"."User"."email", "public"."User"."password", "public"."User"."googleId", "public"."User"."role"::text, "public"."User"."isEmailVerified", "public"."User"."emailVerifyToken", "public"."User"."resetPasswordToken", "public"."User"."resetPasswordExpires", "public"."User"."refreshToken", "public"."User"."isBlocked", "public"."User"."lastLoginAt", "public"."User"."createdAt", "public"."User"."updatedAt" FROM "public"."User" WHERE ("public"."User"."id" = $1 AND 1=1) LIMIT $2 OFFSET $3
prisma:query SELECT "public"."User"."id", "public"."User"."email", "public"."User"."password", "public"."User"."googleId", "public"."User"."role"::text, "public"."User"."isEmailVerified", "public"."User"."emailVerifyToken", "public"."User"."resetPasswordToken", "public"."User"."resetPasswordExpires", "public"."User"."refreshToken", "public"."User"."isBlocked", "public"."User"."lastLoginAt", "public"."User"."createdAt", "public"."User"."updatedAt" FROM "public"."User" WHERE ("public"."User"."id" = $1 AND 1=1) LIMIT $2 OFFSET $3
prisma:query SELECT COUNT(*) FROM (SELECT "public"."Content"."id" FROM "public"."Content" WHERE ("public"."Content"."isPublished" = $1 AND "public"."Content"."type" = CAST($2::text AS "public"."ContentType") AND ("public"."Content"."scheduledAt" IS NULL OR "public"."Content"."scheduledAt" <= $3)) OFFSET $4) AS "sub"
prisma:query SELECT "public"."Content"."id", "public"."Content"."title", "public"."Content"."originalTitle", "public"."Content"."description", "public"."Content"."type"::text, "public"."Content"."posterUrl", "public"."Content"."bannerUrl", "public"."Content"."trailerUrl", "public"."Content"."videoUrl", "public"."Content"."duration", "public"."Content"."releaseYear", "public"."Content"."releaseDate", "public"."Content"."genres", "public"."Content"."cast", "public"."Content"."director", "public"."Content"."studio", "public"."Content"."country", "public"."Content"."language", "public"."Content"."maturityRating", "public"."Content"."isFeatured", "public"."Content"."isTrending", "public"."Content"."isNew", "public"."Content"."isPublished", "public"."Content"."scheduledAt", "public"."Content"."averageRating", "public"."Content"."totalViews", "public"."Content"."totalWatchTime", "public"."Content"."requiredPlan"::text, "public"."Content"."createdAt", "public"."Content"."updatedAt", COALESCE("aggr_selection_0_Season"."_aggr_count_seasons", 0) AS "_aggr_count_seasons", COALESCE("aggr_selection_1_WatchHistory"."_aggr_count_watchHistory", 0) AS "_aggr_count_watchHistory" FROM "public"."Content" LEFT JOIN (SELECT "public"."Season"."contentId", COUNT(*) AS "_aggr_count_seasons" FROM "public"."Season" WHERE 1=1 GROUP BY "public"."Season"."contentId") AS "aggr_selection_0_Season" ON ("public"."Content"."id" = "aggr_selection_0_Season"."contentId") LEFT JOIN (SELECT "public"."WatchHistory"."contentId", COUNT(*) AS "_aggr_count_watchHistory" FROM "public"."WatchHistory" WHERE 1=1 GROUP BY "public"."WatchHistory"."contentId") AS "aggr_selection_1_WatchHistory" ON ("public"."Content"."id" = "aggr_selection_1_WatchHistory"."contentId") WHERE ("public"."Content"."isPublished" = $1 AND "public"."Content"."type" = CAST($2::text AS "public"."ContentType") AND ("public"."Content"."scheduledAt" IS NULL OR "public"."Content"."scheduledAt" <= $3)) ORDER BY "public"."Content"."totalViews" DESC LIMIT $4 OFFSET $5
prisma:query SELECT 1
prisma:query SELECT 1
prisma:query SELECT "public"."User"."id", "public"."User"."email", "public"."User"."password", "public"."User"."googleId", "public"."User"."role"::text, "public"."User"."isEmailVerified", "public"."User"."emailVerifyToken", "public"."User"."resetPasswordToken", "public"."User"."resetPasswordExpires", "public"."User"."refreshToken", "public"."User"."isBlocked", "public"."User"."lastLoginAt", "public"."User"."createdAt", "public"."User"."updatedAt" FROM "public"."User" WHERE ("public"."User"."id" = $1 AND 1=1) LIMIT $2 OFFSET $3
prisma:query SELECT COUNT(*) FROM (SELECT "public"."Content"."id" FROM "public"."Content" WHERE ("public"."Content"."isPublished" = $1 AND "public"."Content"."type" = CAST($2::text AS "public"."ContentType") AND ("public"."Content"."scheduledAt" IS NULL OR "public"."Content"."scheduledAt" <= $3)) OFFSET $4) AS "sub"
prisma:query SELECT 1
prisma:query SELECT "public"."Content"."id", "public"."Content"."title", "public"."Content"."originalTitle", "public"."Content"."description", "public"."Content"."type"::text, "public"."Content"."posterUrl", "public"."Content"."bannerUrl", "public"."Content"."trailerUrl", "public"."Content"."videoUrl", "public"."Content"."duration", "public"."Content"."releaseYear", "public"."Content"."releaseDate", "public"."Content"."genres", "public"."Content"."cast", "public"."Content"."director", "public"."Content"."studio", "public"."Content"."country", "public"."Content"."language", "public"."Content"."maturityRating", "public"."Content"."isFeatured", "public"."Content"."isTrending", "public"."Content"."isNew", "public"."Content"."isPublished", "public"."Content"."scheduledAt", "public"."Content"."averageRating", "public"."Content"."totalViews", "public"."Content"."totalWatchTime", "public"."Content"."requiredPlan"::text, "public"."Content"."createdAt", "public"."Content"."updatedAt", COALESCE("aggr_selection_0_Season"."_aggr_count_seasons", 0) AS "_aggr_count_seasons", COALESCE("aggr_selection_1_WatchHistory"."_aggr_count_watchHistory", 0) AS "_aggr_count_watchHistory" FROM "public"."Content" LEFT JOIN (SELECT "public"."Season"."contentId", COUNT(*) AS "_aggr_count_seasons" FROM "public"."Season" WHERE 1=1 GROUP BY "public"."Season"."contentId") AS "aggr_selection_0_Season" ON ("public"."Content"."id" = "aggr_selection_0_Season"."contentId") LEFT JOIN (SELECT "public"."WatchHistory"."contentId", COUNT(*) AS "_aggr_count_watchHistory" FROM "public"."WatchHistory" WHERE 1=1 GROUP BY "public"."WatchHistory"."contentId") AS "aggr_selection_1_WatchHistory" ON ("public"."Content"."id" = "aggr_selection_1_WatchHistory"."contentId") WHERE ("public"."Content"."isPublished" = $1 AND "public"."Content"."type" = CAST($2::text AS "public"."ContentType") AND ("public"."Content"."scheduledAt" IS NULL OR "public"."Content"."scheduledAt" <= $3)) ORDER BY "public"."Content"."createdAt" DESC LIMIT $4 OFFSET $5
[32m[Nest] 4564  - [39m25/04/2026, 19:20:45 [32m    LOG[39m [38;5;3m[HTTP] [39m[32mGET /api/v1/content?type=MOVIE&limit=20&sortBy=totalViews&sortOrder=desc 200 +12ms[39m
[32m[Nest] 4564  - [39m25/04/2026, 19:20:45 [32m    LOG[39m [38;5;3m[HTTP] [39m[32mGET /api/v1/content?type=ANIME&limit=20 200 +11ms[39m
prisma:query SELECT "public"."User"."id", "public"."User"."email", "public"."User"."password", "public"."User"."googleId", "public"."User"."role"::text, "public"."User"."isEmailVerified", "public"."User"."emailVerifyToken", "public"."User"."resetPasswordToken", "public"."User"."resetPasswordExpires", "public"."User"."refreshToken", "public"."User"."isBlocked", "public"."User"."lastLoginAt", "public"."User"."createdAt", "public"."User"."updatedAt" FROM "public"."User" WHERE ("public"."User"."id" = $1 AND 1=1) LIMIT $2 OFFSET $3
prisma:query SELECT COUNT(*) FROM (SELECT "public"."Content"."id" FROM "public"."Content" WHERE ("public"."Content"."isPublished" = $1 AND "public"."Content"."genres" @> $2 AND ("public"."Content"."scheduledAt" IS NULL OR "public"."Content"."scheduledAt" <= $3)) OFFSET $4) AS "sub"
prisma:query SELECT COUNT(*) FROM (SELECT "public"."Content"."id" FROM "public"."Content" WHERE ("public"."Content"."isPublished" = $1 AND "public"."Content"."type" = CAST($2::text AS "public"."ContentType") AND ("public"."Content"."scheduledAt" IS NULL OR "public"."Content"."scheduledAt" <= $3)) OFFSET $4) AS "sub"
prisma:query SELECT "public"."Content"."id", "public"."Content"."title", "public"."Content"."originalTitle", "public"."Content"."description", "public"."Content"."type"::text, "public"."Content"."posterUrl", "public"."Content"."bannerUrl", "public"."Content"."trailerUrl", "public"."Content"."videoUrl", "public"."Content"."duration", "public"."Content"."releaseYear", "public"."Content"."releaseDate", "public"."Content"."genres", "public"."Content"."cast", "public"."Content"."director", "public"."Content"."studio", "public"."Content"."country", "public"."Content"."language", "public"."Content"."maturityRating", "public"."Content"."isFeatured", "public"."Content"."isTrending", "public"."Content"."isNew", "public"."Content"."isPublished", "public"."Content"."scheduledAt", "public"."Content"."averageRating", "public"."Content"."totalViews", "public"."Content"."totalWatchTime", "public"."Content"."requiredPlan"::text, "public"."Content"."createdAt", "public"."Content"."updatedAt", COALESCE("aggr_selection_0_Season"."_aggr_count_seasons", 0) AS "_aggr_count_seasons", COALESCE("aggr_selection_1_WatchHistory"."_aggr_count_watchHistory", 0) AS "_aggr_count_watchHistory" FROM "public"."Content" LEFT JOIN (SELECT "public"."Season"."contentId", COUNT(*) AS "_aggr_count_seasons" FROM "public"."Season" WHERE 1=1 GROUP BY "public"."Season"."contentId") AS "aggr_selection_0_Season" ON ("public"."Content"."id" = "aggr_selection_0_Season"."contentId") LEFT JOIN (SELECT "public"."WatchHistory"."contentId", COUNT(*) AS "_aggr_count_watchHistory" FROM "public"."WatchHistory" WHERE 1=1 GROUP BY "public"."WatchHistory"."contentId") AS "aggr_selection_1_WatchHistory" ON ("public"."Content"."id" = "aggr_selection_1_WatchHistory"."contentId") WHERE ("public"."Content"."isPublished" = $1 AND "public"."Content"."type" = CAST($2::text AS "public"."ContentType") AND ("public"."Content"."scheduledAt" IS NULL OR "public"."Content"."scheduledAt" <= $3)) ORDER BY "public"."Content"."createdAt" DESC LIMIT $4 OFFSET $5
[32m[Nest] 4564  - [39m25/04/2026, 19:20:45 [32m    LOG[39m [38;5;3m[HTTP] [39m[32mGET /api/v1/content?type=SERIES&limit=20 200 +21ms[39m
prisma:query SELECT "public"."WatchHistory"."id", "public"."WatchHistory"."userId", "public"."WatchHistory"."profileId", "public"."WatchHistory"."contentId", "public"."WatchHistory"."episodeId", "public"."WatchHistory"."progress", "public"."WatchHistory"."duration", "public"."WatchHistory"."completed", "public"."WatchHistory"."watchedAt", "public"."WatchHistory"."updatedAt" FROM "public"."WatchHistory" WHERE "public"."WatchHistory"."profileId" = $1 ORDER BY "public"."WatchHistory"."watchedAt" DESC LIMIT $2 OFFSET $3
prisma:query SELECT "public"."WatchHistory"."id", "public"."WatchHistory"."userId", "public"."WatchHistory"."profileId", "public"."WatchHistory"."contentId", "public"."WatchHistory"."episodeId", "public"."WatchHistory"."progress", "public"."WatchHistory"."duration", "public"."WatchHistory"."completed", "public"."WatchHistory"."watchedAt", "public"."WatchHistory"."updatedAt" FROM "public"."WatchHistory" WHERE ("public"."WatchHistory"."profileId" = $1 AND "public"."WatchHistory"."completed" = $2 AND "public"."WatchHistory"."progress" > $3) ORDER BY "public"."WatchHistory"."updatedAt" DESC LIMIT $4 OFFSET $5
[32m[Nest] 4564  - [39m25/04/2026, 19:20:45 [32m    LOG[39m [38;5;3m[HTTP] [39m[32mGET /api/v1/watch-history/continue-watching 200 +15ms[39m
prisma:query SELECT "public"."Favorite"."id", "public"."Favorite"."profileId", "public"."Favorite"."contentId", "public"."Favorite"."createdAt" FROM "public"."Favorite" WHERE "public"."Favorite"."profileId" = $1 OFFSET $2
prisma:query SELECT "public"."Content"."id", "public"."Content"."title", "public"."Content"."originalTitle", "public"."Content"."description", "public"."Content"."type"::text, "public"."Content"."posterUrl", "public"."Content"."bannerUrl", "public"."Content"."trailerUrl", "public"."Content"."videoUrl", "public"."Content"."duration", "public"."Content"."releaseYear", "public"."Content"."releaseDate", "public"."Content"."genres", "public"."Content"."cast", "public"."Content"."director", "public"."Content"."studio", "public"."Content"."country", "public"."Content"."language", "public"."Content"."maturityRating", "public"."Content"."isFeatured", "public"."Content"."isTrending", "public"."Content"."isNew", "public"."Content"."isPublished", "public"."Content"."scheduledAt", "public"."Content"."averageRating", "public"."Content"."totalViews", "public"."Content"."totalWatchTime", "public"."Content"."requiredPlan"::text, "public"."Content"."createdAt", "public"."Content"."updatedAt", COALESCE("aggr_selection_0_Season"."_aggr_count_seasons", 0) AS "_aggr_count_seasons", COALESCE("aggr_selection_1_WatchHistory"."_aggr_count_watchHistory", 0) AS "_aggr_count_watchHistory" FROM "public"."Content" LEFT JOIN (SELECT "public"."Season"."contentId", COUNT(*) AS "_aggr_count_seasons" FROM "public"."Season" WHERE 1=1 GROUP BY "public"."Season"."contentId") AS "aggr_selection_0_Season" ON ("public"."Content"."id" = "aggr_selection_0_Season"."contentId") LEFT JOIN (SELECT "public"."WatchHistory"."contentId", COUNT(*) AS "_aggr_count_watchHistory" FROM "public"."WatchHistory" WHERE 1=1 GROUP BY "public"."WatchHistory"."contentId") AS "aggr_selection_1_WatchHistory" ON ("public"."Content"."id" = "aggr_selection_1_WatchHistory"."contentId") WHERE ("public"."Content"."isPublished" = $1 AND "public"."Content"."genres" @> $2 AND ("public"."Content"."scheduledAt" IS NULL OR "public"."Content"."scheduledAt" <= $3)) ORDER BY "public"."Content"."createdAt" DESC LIMIT $4 OFFSET $5
[32m[Nest] 4564  - [39m25/04/2026, 19:20:45 [32m    LOG[39m [38;5;3m[HTTP] [39m[32mGET /api/v1/content?genre=Acci%C3%B3n&limit=20 200 +29ms[39m
prisma:query SELECT "public"."Content"."id", "public"."Content"."title", "public"."Content"."originalTitle", "public"."Content"."description", "public"."Content"."type"::text, "public"."Content"."posterUrl", "public"."Content"."bannerUrl", "public"."Content"."trailerUrl", "public"."Content"."videoUrl", "public"."Content"."duration", "public"."Content"."releaseYear", "public"."Content"."releaseDate", "public"."Content"."genres", "public"."Content"."cast", "public"."Content"."director", "public"."Content"."studio", "public"."Content"."country", "public"."Content"."language", "public"."Content"."maturityRating", "public"."Content"."isFeatured", "public"."Content"."isTrending", "public"."Content"."isNew", "public"."Content"."isPublished", "public"."Content"."scheduledAt", "public"."Content"."averageRating", "public"."Content"."totalViews", "public"."Content"."totalWatchTime", "public"."Content"."requiredPlan"::text, "public"."Content"."createdAt", "public"."Content"."updatedAt" FROM "public"."Content" WHERE ("public"."Content"."isPublished" = $1 AND "public"."Content"."isTrending" = $2) ORDER BY "public"."Content"."totalViews" DESC LIMIT $3 OFFSET $4
[32m[Nest] 4564  - [39m25/04/2026, 19:20:45 [32m    LOG[39m [38;5;3m[HTTP] [39m[32mGET /api/v1/recommendations 200 +16ms[39m
prisma:query SELECT 1
prisma:query SELECT COUNT(*) FROM (SELECT "public"."Content"."id" FROM "public"."Content" WHERE ("public"."Content"."isPublished" = $1 AND "public"."Content"."type" = CAST($2::text AS "public"."ContentType") AND ("public"."Content"."scheduledAt" IS NULL OR "public"."Content"."scheduledAt" <= $3)) OFFSET $4) AS "sub"
prisma:query SELECT "public"."Content"."id", "public"."Content"."title", "public"."Content"."originalTitle", "public"."Content"."description", "public"."Content"."type"::text, "public"."Content"."posterUrl", "public"."Content"."bannerUrl", "public"."Content"."trailerUrl", "public"."Content"."videoUrl", "public"."Content"."duration", "public"."Content"."releaseYear", "public"."Content"."releaseDate", "public"."Content"."genres", "public"."Content"."cast", "public"."Content"."director", "public"."Content"."studio", "public"."Content"."country", "public"."Content"."language", "public"."Content"."maturityRating", "public"."Content"."isFeatured", "public"."Content"."isTrending", "public"."Content"."isNew", "public"."Content"."isPublished", "public"."Content"."scheduledAt", "public"."Content"."averageRating", "public"."Content"."totalViews", "public"."Content"."totalWatchTime", "public"."Content"."requiredPlan"::text, "public"."Content"."createdAt", "public"."Content"."updatedAt", COALESCE("aggr_selection_0_Season"."_aggr_count_seasons", 0) AS "_aggr_count_seasons", COALESCE("aggr_selection_1_WatchHistory"."_aggr_count_watchHistory", 0) AS "_aggr_count_watchHistory" FROM "public"."Content" LEFT JOIN (SELECT "public"."Season"."contentId", COUNT(*) AS "_aggr_count_seasons" FROM "public"."Season" WHERE 1=1 GROUP BY "public"."Season"."contentId") AS "aggr_selection_0_Season" ON ("public"."Content"."id" = "aggr_selection_0_Season"."contentId") LEFT JOIN (SELECT "public"."WatchHistory"."contentId", COUNT(*) AS "_aggr_count_watchHistory" FROM "public"."WatchHistory" WHERE 1=1 GROUP BY "public"."WatchHistory"."contentId") AS "aggr_selection_1_WatchHistory" ON ("public"."Content"."id" = "aggr_selection_1_WatchHistory"."contentId") WHERE ("public"."Content"."isPublished" = $1 AND "public"."Content"."type" = CAST($2::text AS "public"."ContentType") AND ("public"."Content"."scheduledAt" IS NULL OR "public"."Content"."scheduledAt" <= $3)) ORDER BY "public"."Content"."totalViews" DESC LIMIT $4 OFFSET $5
[32m[Nest] 4564  - [39m25/04/2026, 19:20:55 [32m    LOG[39m [38;5;3m[HTTP] [39m[32mGET /api/v1/content?type=MOVIE&sortBy=totalViews&sortOrder=desc&page=1&limit=24 200 +5ms[39m
prisma:query SELECT 1
prisma:query SELECT "public"."User"."id", "public"."User"."email", "public"."User"."password", "public"."User"."googleId", "public"."User"."role"::text, "public"."User"."isEmailVerified", "public"."User"."emailVerifyToken", "public"."User"."resetPasswordToken", "public"."User"."resetPasswordExpires", "public"."User"."refreshToken", "public"."User"."isBlocked", "public"."User"."lastLoginAt", "public"."User"."createdAt", "public"."User"."updatedAt" FROM "public"."User" WHERE ("public"."User"."id" = $1 AND 1=1) LIMIT $2 OFFSET $3
prisma:query SELECT "public"."User"."id", "public"."User"."email", "public"."User"."password", "public"."User"."googleId", "public"."User"."role"::text, "public"."User"."isEmailVerified", "public"."User"."emailVerifyToken", "public"."User"."resetPasswordToken", "public"."User"."resetPasswordExpires", "public"."User"."refreshToken", "public"."User"."isBlocked", "public"."User"."lastLoginAt", "public"."User"."createdAt", "public"."User"."updatedAt" FROM "public"."User" WHERE ("public"."User"."id" = $1 AND 1=1) LIMIT $2 OFFSET $3
prisma:query SELECT "public"."User"."id", "public"."User"."email", "public"."User"."password", "public"."User"."googleId", "public"."User"."role"::text, "public"."User"."isEmailVerified", "public"."User"."emailVerifyToken", "public"."User"."resetPasswordToken", "public"."User"."resetPasswordExpires", "public"."User"."refreshToken", "public"."User"."isBlocked", "public"."User"."lastLoginAt", "public"."User"."createdAt", "public"."User"."updatedAt" FROM "public"."User" WHERE ("public"."User"."id" = $1 AND 1=1) LIMIT $2 OFFSET $3
prisma:query SELECT "public"."User"."id", "public"."User"."email", "public"."User"."password", "public"."User"."googleId", "public"."User"."role"::text, "public"."User"."isEmailVerified", "public"."User"."emailVerifyToken", "public"."User"."resetPasswordToken", "public"."User"."resetPasswordExpires", "public"."User"."refreshToken", "public"."User"."isBlocked", "public"."User"."lastLoginAt", "public"."User"."createdAt", "public"."User"."updatedAt" FROM "public"."User" WHERE ("public"."User"."id" = $1 AND 1=1) LIMIT $2 OFFSET $3
prisma:query SELECT "public"."Notification"."id", "public"."Notification"."userId", "public"."Notification"."title", "public"."Notification"."message", "public"."Notification"."type", "public"."Notification"."isRead", "public"."Notification"."metadata", "public"."Notification"."createdAt" FROM "public"."Notification" WHERE "public"."Notification"."userId" = $1 ORDER BY "public"."Notification"."createdAt" DESC LIMIT $2 OFFSET $3
prisma:query SELECT COUNT(*) FROM (SELECT "public"."Notification"."id" FROM "public"."Notification" WHERE ("public"."Notification"."userId" = $1 AND "public"."Notification"."isRead" = $2) OFFSET $3) AS "sub"
[32m[Nest] 4564  - [39m25/04/2026, 19:21:05 [32m    LOG[39m [38;5;3m[HTTP] [39m[32mGET /api/v1/notifications 200 +6ms[39m
[32m[Nest] 4564  - [39m25/04/2026, 19:21:05 [32m    LOG[39m [38;5;3m[HTTP] [39m[32mGET /api/v1/notifications/unread-count 200 +2ms[39m
prisma:query SELECT 1
prisma:query SELECT COUNT(*) FROM (SELECT "public"."Content"."id" FROM "public"."Content" WHERE ("public"."Content"."isPublished" = $1 AND ("public"."Content"."scheduledAt" IS NULL OR "public"."Content"."scheduledAt" <= $2)) OFFSET $3) AS "sub"
prisma:query SELECT "public"."Content"."id", "public"."Content"."title", "public"."Content"."originalTitle", "public"."Content"."description", "public"."Content"."type"::text, "public"."Content"."posterUrl", "public"."Content"."bannerUrl", "public"."Content"."trailerUrl", "public"."Content"."videoUrl", "public"."Content"."duration", "public"."Content"."releaseYear", "public"."Content"."releaseDate", "public"."Content"."genres", "public"."Content"."cast", "public"."Content"."director", "public"."Content"."studio", "public"."Content"."country", "public"."Content"."language", "public"."Content"."maturityRating", "public"."Content"."isFeatured", "public"."Content"."isTrending", "public"."Content"."isNew", "public"."Content"."isPublished", "public"."Content"."scheduledAt", "public"."Content"."averageRating", "public"."Content"."totalViews", "public"."Content"."totalWatchTime", "public"."Content"."requiredPlan"::text, "public"."Content"."createdAt", "public"."Content"."updatedAt", COALESCE("aggr_selection_0_Season"."_aggr_count_seasons", 0) AS "_aggr_count_seasons", COALESCE("aggr_selection_1_WatchHistory"."_aggr_count_watchHistory", 0) AS "_aggr_count_watchHistory" FROM "public"."Content" LEFT JOIN (SELECT "public"."Season"."contentId", COUNT(*) AS "_aggr_count_seasons" FROM "public"."Season" WHERE 1=1 GROUP BY "public"."Season"."contentId") AS "aggr_selection_0_Season" ON ("public"."Content"."id" = "aggr_selection_0_Season"."contentId") LEFT JOIN (SELECT "public"."WatchHistory"."contentId", COUNT(*) AS "_aggr_count_watchHistory" FROM "public"."WatchHistory" WHERE 1=1 GROUP BY "public"."WatchHistory"."contentId") AS "aggr_selection_1_WatchHistory" ON ("public"."Content"."id" = "aggr_selection_1_WatchHistory"."contentId") WHERE ("public"."Content"."isPublished" = $1 AND ("public"."Content"."scheduledAt" IS NULL OR "public"."Content"."scheduledAt" <= $2)) ORDER BY "public"."Content"."totalViews" DESC LIMIT $3 OFFSET $4
[32m[Nest] 4564  - [39m25/04/2026, 19:21:17 [32m    LOG[39m [38;5;3m[HTTP] [39m[32mGET /api/v1/content?sortBy=totalViews&sortOrder=desc&page=1&limit=24 200 +6ms[39m
prisma:query SELECT "public"."User"."id", "public"."User"."email", "public"."User"."password", "public"."User"."googleId", "public"."User"."role"::text, "public"."User"."isEmailVerified", "public"."User"."emailVerifyToken", "public"."User"."resetPasswordToken", "public"."User"."resetPasswordExpires", "public"."User"."refreshToken", "public"."User"."isBlocked", "public"."User"."lastLoginAt", "public"."User"."createdAt", "public"."User"."updatedAt" FROM "public"."User" WHERE ("public"."User"."id" = $1 AND 1=1) LIMIT $2 OFFSET $3
prisma:query SELECT "public"."User"."id", "public"."User"."email", "public"."User"."password", "public"."User"."googleId", "public"."User"."role"::text, "public"."User"."isEmailVerified", "public"."User"."emailVerifyToken", "public"."User"."resetPasswordToken", "public"."User"."resetPasswordExpires", "public"."User"."refreshToken", "public"."User"."isBlocked", "public"."User"."lastLoginAt", "public"."User"."createdAt", "public"."User"."updatedAt" FROM "public"."User" WHERE ("public"."User"."id" = $1 AND 1=1) LIMIT $2 OFFSET $3
prisma:query SELECT COUNT(*) FROM (SELECT "public"."Notification"."id" FROM "public"."Notification" WHERE ("public"."Notification"."userId" = $1 AND "public"."Notification"."isRead" = $2) OFFSET $3) AS "sub"
[32m[Nest] 4564  - [39m25/04/2026, 19:21:28 [32m    LOG[39m [38;5;3m[HTTP] [39m[32mGET /api/v1/notifications/unread-count 200 +5ms[39m
prisma:query SELECT "public"."User"."id", "public"."User"."email", "public"."User"."password", "public"."User"."googleId", "public"."User"."role"::text, "public"."User"."isEmailVerified", "public"."User"."emailVerifyToken", "public"."User"."resetPasswordToken", "public"."User"."resetPasswordExpires", "public"."User"."refreshToken", "public"."User"."isBlocked", "public"."User"."lastLoginAt", "public"."User"."createdAt", "public"."User"."updatedAt" FROM "public"."User" WHERE ("public"."User"."id" = $1 AND 1=1) LIMIT $2 OFFSET $3
prisma:query SELECT "public"."User"."id", "public"."User"."email", "public"."User"."password", "public"."User"."googleId", "public"."User"."role"::text, "public"."User"."isEmailVerified", "public"."User"."emailVerifyToken", "public"."User"."resetPasswordToken", "public"."User"."resetPasswordExpires", "public"."User"."refreshToken", "public"."User"."isBlocked", "public"."User"."lastLoginAt", "public"."User"."createdAt", "public"."User"."updatedAt" FROM "public"."User" WHERE ("public"."User"."id" = $1 AND 1=1) LIMIT $2 OFFSET $3
prisma:query SELECT COUNT(*) FROM (SELECT "public"."Favorite"."id" FROM "public"."Favorite" WHERE "public"."Favorite"."profileId" = $1 OFFSET $2) AS "sub"
prisma:query SELECT "public"."Favorite"."id", "public"."Favorite"."profileId", "public"."Favorite"."contentId", "public"."Favorite"."createdAt" FROM "public"."Favorite" WHERE "public"."Favorite"."profileId" = $1 ORDER BY "public"."Favorite"."createdAt" DESC LIMIT $2 OFFSET $3
[32m[Nest] 4564  - [39m25/04/2026, 19:21:28 [32m    LOG[39m [38;5;3m[HTTP] [39m[32mGET /api/v1/favorites 200 +5ms[39m
prisma:query SELECT "public"."User"."id", "public"."User"."email", "public"."User"."password", "public"."User"."googleId", "public"."User"."role"::text, "public"."User"."isEmailVerified", "public"."User"."emailVerifyToken", "public"."User"."resetPasswordToken", "public"."User"."resetPasswordExpires", "public"."User"."refreshToken", "public"."User"."isBlocked", "public"."User"."lastLoginAt", "public"."User"."createdAt", "public"."User"."updatedAt" FROM "public"."User" WHERE ("public"."User"."id" = $1 AND 1=1) LIMIT $2 OFFSET $3
prisma:query SELECT "public"."User"."id", "public"."User"."email", "public"."User"."password", "public"."User"."googleId", "public"."User"."role"::text, "public"."User"."isEmailVerified", "public"."User"."emailVerifyToken", "public"."User"."resetPasswordToken", "public"."User"."resetPasswordExpires", "public"."User"."refreshToken", "public"."User"."isBlocked", "public"."User"."lastLoginAt", "public"."User"."createdAt", "public"."User"."updatedAt" FROM "public"."User" WHERE ("public"."User"."id" = $1 AND 1=1) LIMIT $2 OFFSET $3
prisma:query SELECT "public"."Notification"."id", "public"."Notification"."userId", "public"."Notification"."title", "public"."Notification"."message", "public"."Notification"."type", "public"."Notification"."isRead", "public"."Notification"."metadata", "public"."Notification"."createdAt" FROM "public"."Notification" WHERE "public"."Notification"."userId" = $1 ORDER BY "public"."Notification"."createdAt" DESC LIMIT $2 OFFSET $3
[32m[Nest] 4564  - [39m25/04/2026, 19:21:28 [32m    LOG[39m [38;5;3m[HTTP] [39m[32mGET /api/v1/notifications 200 +4ms[39m
prisma:query SELECT 1
prisma:query SELECT 1
prisma:query SELECT "public"."User"."id", "public"."User"."email", "public"."User"."password", "public"."User"."googleId", "public"."User"."role"::text, "public"."User"."isEmailVerified", "public"."User"."emailVerifyToken", "public"."User"."resetPasswordToken", "public"."User"."resetPasswordExpires", "public"."User"."refreshToken", "public"."User"."isBlocked", "public"."User"."lastLoginAt", "public"."User"."createdAt", "public"."User"."updatedAt" FROM "public"."User" WHERE ("public"."User"."id" = $1 AND 1=1) LIMIT $2 OFFSET $3
prisma:query SELECT "public"."User"."id", "public"."User"."email", "public"."User"."password", "public"."User"."googleId", "public"."User"."role"::text, "public"."User"."isEmailVerified", "public"."User"."emailVerifyToken", "public"."User"."resetPasswordToken", "public"."User"."resetPasswordExpires", "public"."User"."refreshToken", "public"."User"."isBlocked", "public"."User"."lastLoginAt", "public"."User"."createdAt", "public"."User"."updatedAt" FROM "public"."User" WHERE ("public"."User"."id" = $1 AND 1=1) LIMIT $2 OFFSET $3
prisma:query SELECT "public"."User"."id", "public"."User"."email", "public"."User"."password", "public"."User"."googleId", "public"."User"."role"::text, "public"."User"."isEmailVerified", "public"."User"."emailVerifyToken", "public"."User"."resetPasswordToken", "public"."User"."resetPasswordExpires", "public"."User"."refreshToken", "public"."User"."isBlocked", "public"."User"."lastLoginAt", "public"."User"."createdAt", "public"."User"."updatedAt" FROM "public"."User" WHERE ("public"."User"."id" = $1 AND 1=1) LIMIT $2 OFFSET $3
prisma:query SELECT "public"."User"."id", "public"."User"."email", "public"."User"."password", "public"."User"."googleId", "public"."User"."role"::text, "public"."User"."isEmailVerified", "public"."User"."emailVerifyToken", "public"."User"."resetPasswordToken", "public"."User"."resetPasswordExpires", "public"."User"."refreshToken", "public"."User"."isBlocked", "public"."User"."lastLoginAt", "public"."User"."createdAt", "public"."User"."updatedAt" FROM "public"."User" WHERE ("public"."User"."id" = $1 AND 1=1) LIMIT $2 OFFSET $3
prisma:query SELECT COUNT(*) FROM (SELECT "public"."Notification"."id" FROM "public"."Notification" WHERE ("public"."Notification"."userId" = $1 AND "public"."Notification"."isRead" = $2) OFFSET $3) AS "sub"
[32m[Nest] 4564  - [39m25/04/2026, 19:22:00 [32m    LOG[39m [38;5;3m[HTTP] [39m[32mGET /api/v1/notifications/unread-count 200 +2ms[39m
prisma:query SELECT "public"."Notification"."id", "public"."Notification"."userId", "public"."Notification"."title", "public"."Notification"."message", "public"."Notification"."type", "public"."Notification"."isRead", "public"."Notification"."metadata", "public"."Notification"."createdAt" FROM "public"."Notification" WHERE "public"."Notification"."userId" = $1 ORDER BY "public"."Notification"."createdAt" DESC LIMIT $2 OFFSET $3
[32m[Nest] 4564  - [39m25/04/2026, 19:22:00 [32m    LOG[39m [38;5;3m[HTTP] [39m[32mGET /api/v1/notifications 200 +3ms[39m
prisma:query SELECT 1
prisma:query SELECT "public"."User"."id", "public"."User"."email", "public"."User"."password", "public"."User"."googleId", "public"."User"."role"::text, "public"."User"."isEmailVerified", "public"."User"."emailVerifyToken", "public"."User"."resetPasswordToken", "public"."User"."resetPasswordExpires", "public"."User"."refreshToken", "public"."User"."isBlocked", "public"."User"."lastLoginAt", "public"."User"."createdAt", "public"."User"."updatedAt" FROM "public"."User" WHERE ("public"."User"."id" = $1 AND 1=1) LIMIT $2 OFFSET $3
prisma:query SELECT "public"."User"."id", "public"."User"."email", "public"."User"."password", "public"."User"."googleId", "public"."User"."role"::text, "public"."User"."isEmailVerified", "public"."User"."emailVerifyToken", "public"."User"."resetPasswordToken", "public"."User"."resetPasswordExpires", "public"."User"."refreshToken", "public"."User"."isBlocked", "public"."User"."lastLoginAt", "public"."User"."createdAt", "public"."User"."updatedAt" FROM "public"."User" WHERE ("public"."User"."id" = $1 AND 1=1) LIMIT $2 OFFSET $3
prisma:query SELECT 1
prisma:query SELECT "public"."User"."id", "public"."User"."email", "public"."User"."password", "public"."User"."googleId", "public"."User"."role"::text, "public"."User"."isEmailVerified", "public"."User"."emailVerifyToken", "public"."User"."resetPasswordToken", "public"."User"."resetPasswordExpires", "public"."User"."refreshToken", "public"."User"."isBlocked", "public"."User"."lastLoginAt", "public"."User"."createdAt", "public"."User"."updatedAt" FROM "public"."User" WHERE ("public"."User"."id" = $1 AND 1=1) LIMIT $2 OFFSET $3
prisma:query SELECT "public"."User"."id", "public"."User"."email", "public"."User"."password", "public"."User"."googleId", "public"."User"."role"::text, "public"."User"."isEmailVerified", "public"."User"."emailVerifyToken", "public"."User"."resetPasswordToken", "public"."User"."resetPasswordExpires", "public"."User"."refreshToken", "public"."User"."isBlocked", "public"."User"."lastLoginAt", "public"."User"."createdAt", "public"."User"."updatedAt" FROM "public"."User" WHERE ("public"."User"."id" = $1 AND 1=1) LIMIT $2 OFFSET $3
prisma:query SELECT COUNT(*) FROM (SELECT "public"."Notification"."id" FROM "public"."Notification" WHERE ("public"."Notification"."userId" = $1 AND "public"."Notification"."isRead" = $2) OFFSET $3) AS "sub"
[32m[Nest] 4564  - [39m25/04/2026, 19:22:30 [32m    LOG[39m [38;5;3m[HTTP] [39m[32mGET /api/v1/notifications/unread-count 200 +2ms[39m
prisma:query SELECT "public"."Notification"."id", "public"."Notification"."userId", "public"."Notification"."title", "public"."Notification"."message", "public"."Notification"."type", "public"."Notification"."isRead", "public"."Notification"."metadata", "public"."Notification"."createdAt" FROM "public"."Notification" WHERE "public"."Notification"."userId" = $1 ORDER BY "public"."Notification"."createdAt" DESC LIMIT $2 OFFSET $3
[32m[Nest] 4564  - [39m25/04/2026, 19:22:30 [32m    LOG[39m [38;5;3m[HTTP] [39m[32mGET /api/v1/notifications 200 +2ms[39m
prisma:query SELECT 1
prisma:query SELECT 1
prisma:query SELECT "public"."User"."id", "public"."User"."email", "public"."User"."password", "public"."User"."googleId", "public"."User"."role"::text, "public"."User"."isEmailVerified", "public"."User"."emailVerifyToken", "public"."User"."resetPasswordToken", "public"."User"."resetPasswordExpires", "public"."User"."refreshToken", "public"."User"."isBlocked", "public"."User"."lastLoginAt", "public"."User"."createdAt", "public"."User"."updatedAt" FROM "public"."User" WHERE ("public"."User"."id" = $1 AND 1=1) LIMIT $2 OFFSET $3
prisma:query SELECT "public"."User"."id", "public"."User"."email", "public"."User"."password", "public"."User"."googleId", "public"."User"."role"::text, "public"."User"."isEmailVerified", "public"."User"."emailVerifyToken", "public"."User"."resetPasswordToken", "public"."User"."resetPasswordExpires", "public"."User"."refreshToken", "public"."User"."isBlocked", "public"."User"."lastLoginAt", "public"."User"."createdAt", "public"."User"."updatedAt" FROM "public"."User" WHERE ("public"."User"."id" = $1 AND 1=1) LIMIT $2 OFFSET $3
prisma:query SELECT "public"."User"."id", "public"."User"."email", "public"."User"."password", "public"."User"."googleId", "public"."User"."role"::text, "public"."User"."isEmailVerified", "public"."User"."emailVerifyToken", "public"."User"."resetPasswordToken", "public"."User"."resetPasswordExpires", "public"."User"."refreshToken", "public"."User"."isBlocked", "public"."User"."lastLoginAt", "public"."User"."createdAt", "public"."User"."updatedAt" FROM "public"."User" WHERE ("public"."User"."id" = $1 AND 1=1) LIMIT $2 OFFSET $3
prisma:query SELECT "public"."User"."id", "public"."User"."email", "public"."User"."password", "public"."User"."googleId", "public"."User"."role"::text, "public"."User"."isEmailVerified", "public"."User"."emailVerifyToken", "public"."User"."resetPasswordToken", "public"."User"."resetPasswordExpires", "public"."User"."refreshToken", "public"."User"."isBlocked", "public"."User"."lastLoginAt", "public"."User"."createdAt", "public"."User"."updatedAt" FROM "public"."User" WHERE ("public"."User"."id" = $1 AND 1=1) LIMIT $2 OFFSET $3
prisma:query SELECT "public"."Notification"."id", "public"."Notification"."userId", "public"."Notification"."title", "public"."Notification"."message", "public"."Notification"."type", "public"."Notification"."isRead", "public"."Notification"."metadata", "public"."Notification"."createdAt" FROM "public"."Notification" WHERE "public"."Notification"."userId" = $1 ORDER BY "public"."Notification"."createdAt" DESC LIMIT $2 OFFSET $3
prisma:query SELECT COUNT(*) FROM (SELECT "public"."Notification"."id" FROM "public"."Notification" WHERE ("public"."Notification"."userId" = $1 AND "public"."Notification"."isRead" = $2) OFFSET $3) AS "sub"
[32m[Nest] 4564  - [39m25/04/2026, 19:23:00 [32m    LOG[39m [38;5;3m[HTTP] [39m[32mGET /api/v1/notifications 200 +1ms[39m
[32m[Nest] 4564  - [39m25/04/2026, 19:23:00 [32m    LOG[39m [38;5;3m[HTTP] [39m[32mGET /api/v1/notifications/unread-count 200 +3ms[39m
prisma:query SELECT 1
prisma:query SELECT "public"."User"."id", "public"."User"."email", "public"."User"."password", "public"."User"."googleId", "public"."User"."role"::text, "public"."User"."isEmailVerified", "public"."User"."emailVerifyToken", "public"."User"."resetPasswordToken", "public"."User"."resetPasswordExpires", "public"."User"."refreshToken", "public"."User"."isBlocked", "public"."User"."lastLoginAt", "public"."User"."createdAt", "public"."User"."updatedAt" FROM "public"."User" WHERE ("public"."User"."id" = $1 AND 1=1) LIMIT $2 OFFSET $3
prisma:query SELECT 1
prisma:query SELECT "public"."User"."id", "public"."User"."email", "public"."User"."password", "public"."User"."googleId", "public"."User"."role"::text, "public"."User"."isEmailVerified", "public"."User"."emailVerifyToken", "public"."User"."resetPasswordToken", "public"."User"."resetPasswordExpires", "public"."User"."refreshToken", "public"."User"."isBlocked", "public"."User"."lastLoginAt", "public"."User"."createdAt", "public"."User"."updatedAt" FROM "public"."User" WHERE ("public"."User"."id" = $1 AND 1=1) LIMIT $2 OFFSET $3
prisma:query SELECT "public"."User"."id", "public"."User"."email", "public"."User"."password", "public"."User"."googleId", "public"."User"."role"::text, "public"."User"."isEmailVerified", "public"."User"."emailVerifyToken", "public"."User"."resetPasswordToken", "public"."User"."resetPasswordExpires", "public"."User"."refreshToken", "public"."User"."isBlocked", "public"."User"."lastLoginAt", "public"."User"."createdAt", "public"."User"."updatedAt" FROM "public"."User" WHERE ("public"."User"."id" = $1 AND 1=1) LIMIT $2 OFFSET $3
prisma:query SELECT "public"."User"."id", "public"."User"."email", "public"."User"."password", "public"."User"."googleId", "public"."User"."role"::text, "public"."User"."isEmailVerified", "public"."User"."emailVerifyToken", "public"."User"."resetPasswordToken", "public"."User"."resetPasswordExpires", "public"."User"."refreshToken", "public"."User"."isBlocked", "public"."User"."lastLoginAt", "public"."User"."createdAt", "public"."User"."updatedAt" FROM "public"."User" WHERE ("public"."User"."id" = $1 AND 1=1) LIMIT $2 OFFSET $3
prisma:query SELECT "public"."Notification"."id", "public"."Notification"."userId", "public"."Notification"."title", "public"."Notification"."message", "public"."Notification"."type", "public"."Notification"."isRead", "public"."Notification"."metadata", "public"."Notification"."createdAt" FROM "public"."Notification" WHERE "public"."Notification"."userId" = $1 ORDER BY "public"."Notification"."createdAt" DESC LIMIT $2 OFFSET $3
[32m[Nest] 4564  - [39m25/04/2026, 19:23:30 [32m    LOG[39m [38;5;3m[HTTP] [39m[32mGET /api/v1/notifications 200 +2ms[39m
prisma:query SELECT COUNT(*) FROM (SELECT "public"."Notification"."id" FROM "public"."Notification" WHERE ("public"."Notification"."userId" = $1 AND "public"."Notification"."isRead" = $2) OFFSET $3) AS "sub"
[32m[Nest] 4564  - [39m25/04/2026, 19:23:30 [32m    LOG[39m [38;5;3m[HTTP] [39m[32mGET /api/v1/notifications/unread-count 200 +1ms[39m
prisma:query SELECT 1
prisma:query SELECT "public"."User"."id", "public"."User"."email", "public"."User"."password", "public"."User"."googleId", "public"."User"."role"::text, "public"."User"."isEmailVerified", "public"."User"."emailVerifyToken", "public"."User"."resetPasswordToken", "public"."User"."resetPasswordExpires", "public"."User"."refreshToken", "public"."User"."isBlocked", "public"."User"."lastLoginAt", "public"."User"."createdAt", "public"."User"."updatedAt" FROM "public"."User" WHERE ("public"."User"."id" = $1 AND 1=1) LIMIT $2 OFFSET $3
prisma:query SELECT 1
prisma:query SELECT "public"."User"."id", "public"."User"."email", "public"."User"."password", "public"."User"."googleId", "public"."User"."role"::text, "public"."User"."isEmailVerified", "public"."User"."emailVerifyToken", "public"."User"."resetPasswordToken", "public"."User"."resetPasswordExpires", "public"."User"."refreshToken", "public"."User"."isBlocked", "public"."User"."lastLoginAt", "public"."User"."createdAt", "public"."User"."updatedAt" FROM "public"."User" WHERE ("public"."User"."id" = $1 AND 1=1) LIMIT $2 OFFSET $3
prisma:query SELECT "public"."User"."id", "public"."User"."email", "public"."User"."password", "public"."User"."googleId", "public"."User"."role"::text, "public"."User"."isEmailVerified", "public"."User"."emailVerifyToken", "public"."User"."resetPasswordToken", "public"."User"."resetPasswordExpires", "public"."User"."refreshToken", "public"."User"."isBlocked", "public"."User"."lastLoginAt", "public"."User"."createdAt", "public"."User"."updatedAt" FROM "public"."User" WHERE ("public"."User"."id" = $1 AND 1=1) LIMIT $2 OFFSET $3
prisma:query SELECT "public"."User"."id", "public"."User"."email", "public"."User"."password", "public"."User"."googleId", "public"."User"."role"::text, "public"."User"."isEmailVerified", "public"."User"."emailVerifyToken", "public"."User"."resetPasswordToken", "public"."User"."resetPasswordExpires", "public"."User"."refreshToken", "public"."User"."isBlocked", "public"."User"."lastLoginAt", "public"."User"."createdAt", "public"."User"."updatedAt" FROM "public"."User" WHERE ("public"."User"."id" = $1 AND 1=1) LIMIT $2 OFFSET $3
prisma:query SELECT "public"."Notification"."id", "public"."Notification"."userId", "public"."Notification"."title", "public"."Notification"."message", "public"."Notification"."type", "public"."Notification"."isRead", "public"."Notification"."metadata", "public"."Notification"."createdAt" FROM "public"."Notification" WHERE "public"."Notification"."userId" = $1 ORDER BY "public"."Notification"."createdAt" DESC LIMIT $2 OFFSET $3
[32m[Nest] 4564  - [39m25/04/2026, 19:24:00 [32m    LOG[39m [38;5;3m[HTTP] [39m[32mGET /api/v1/notifications 200 +1ms[39m
prisma:query SELECT COUNT(*) FROM (SELECT "public"."Notification"."id" FROM "public"."Notification" WHERE ("public"."Notification"."userId" = $1 AND "public"."Notification"."isRead" = $2) OFFSET $3) AS "sub"
[32m[Nest] 4564  - [39m25/04/2026, 19:24:00 [32m    LOG[39m [38;5;3m[HTTP] [39m[32mGET /api/v1/notifications/unread-count 200 +1ms[39m
prisma:query SELECT 1
prisma:query SELECT "public"."User"."id", "public"."User"."email", "public"."User"."password", "public"."User"."googleId", "public"."User"."role"::text, "public"."User"."isEmailVerified", "public"."User"."emailVerifyToken", "public"."User"."resetPasswordToken", "public"."User"."resetPasswordExpires", "public"."User"."refreshToken", "public"."User"."isBlocked", "public"."User"."lastLoginAt", "public"."User"."createdAt", "public"."User"."updatedAt" FROM "public"."User" WHERE ("public"."User"."id" = $1 AND 1=1) LIMIT $2 OFFSET $3
prisma:query SELECT "public"."User"."id", "public"."User"."email", "public"."User"."password", "public"."User"."googleId", "public"."User"."role"::text, "public"."User"."isEmailVerified", "public"."User"."emailVerifyToken", "public"."User"."resetPasswordToken", "public"."User"."resetPasswordExpires", "public"."User"."refreshToken", "public"."User"."isBlocked", "public"."User"."lastLoginAt", "public"."User"."createdAt", "public"."User"."updatedAt" FROM "public"."User" WHERE ("public"."User"."id" = $1 AND 1=1) LIMIT $2 OFFSET $3
prisma:query SELECT 1
prisma:query SELECT "public"."User"."id", "public"."User"."email", "public"."User"."password", "public"."User"."googleId", "public"."User"."role"::text, "public"."User"."isEmailVerified", "public"."User"."emailVerifyToken", "public"."User"."resetPasswordToken", "public"."User"."resetPasswordExpires", "public"."User"."refreshToken", "public"."User"."isBlocked", "public"."User"."lastLoginAt", "public"."User"."createdAt", "public"."User"."updatedAt" FROM "public"."User" WHERE ("public"."User"."id" = $1 AND 1=1) LIMIT $2 OFFSET $3
prisma:query SELECT "public"."User"."id", "public"."User"."email", "public"."User"."password", "public"."User"."googleId", "public"."User"."role"::text, "public"."User"."isEmailVerified", "public"."User"."emailVerifyToken", "public"."User"."resetPasswordToken", "public"."User"."resetPasswordExpires", "public"."User"."refreshToken", "public"."User"."isBlocked", "public"."User"."lastLoginAt", "public"."User"."createdAt", "public"."User"."updatedAt" FROM "public"."User" WHERE ("public"."User"."id" = $1 AND 1=1) LIMIT $2 OFFSET $3
prisma:query SELECT "public"."Notification"."id", "public"."Notification"."userId", "public"."Notification"."title", "public"."Notification"."message", "public"."Notification"."type", "public"."Notification"."isRead", "public"."Notification"."metadata", "public"."Notification"."createdAt" FROM "public"."Notification" WHERE "public"."Notification"."userId" = $1 ORDER BY "public"."Notification"."createdAt" DESC LIMIT $2 OFFSET $3
[32m[Nest] 4564  - [39m25/04/2026, 19:24:30 [32m    LOG[39m [38;5;3m[HTTP] [39m[32mGET /api/v1/notifications 200 +1ms[39m
prisma:query SELECT COUNT(*) FROM (SELECT "public"."Notification"."id" FROM "public"."Notification" WHERE ("public"."Notification"."userId" = $1 AND "public"."Notification"."isRead" = $2) OFFSET $3) AS "sub"
[32m[Nest] 4564  - [39m25/04/2026, 19:24:30 [32m    LOG[39m [38;5;3m[HTTP] [39m[32mGET /api/v1/notifications/unread-count 200 +1ms[39m
prisma:query SELECT 1
prisma:query SELECT "public"."User"."id", "public"."User"."email", "public"."User"."password", "public"."User"."googleId", "public"."User"."role"::text, "public"."User"."isEmailVerified", "public"."User"."emailVerifyToken", "public"."User"."resetPasswordToken", "public"."User"."resetPasswordExpires", "public"."User"."refreshToken", "public"."User"."isBlocked", "public"."User"."lastLoginAt", "public"."User"."createdAt", "public"."User"."updatedAt" FROM "public"."User" WHERE ("public"."User"."id" = $1 AND 1=1) LIMIT $2 OFFSET $3
prisma:query SELECT 1
prisma:query SELECT "public"."User"."id", "public"."User"."email", "public"."User"."password", "public"."User"."googleId", "public"."User"."role"::text, "public"."User"."isEmailVerified", "public"."User"."emailVerifyToken", "public"."User"."resetPasswordToken", "public"."User"."resetPasswordExpires", "public"."User"."refreshToken", "public"."User"."isBlocked", "public"."User"."lastLoginAt", "public"."User"."createdAt", "public"."User"."updatedAt" FROM "public"."User" WHERE ("public"."User"."id" = $1 AND 1=1) LIMIT $2 OFFSET $3
prisma:query SELECT "public"."User"."id", "public"."User"."email", "public"."User"."password", "public"."User"."googleId", "public"."User"."role"::text, "public"."User"."isEmailVerified", "public"."User"."emailVerifyToken", "public"."User"."resetPasswordToken", "public"."User"."resetPasswordExpires", "public"."User"."refreshToken", "public"."User"."isBlocked", "public"."User"."lastLoginAt", "public"."User"."createdAt", "public"."User"."updatedAt" FROM "public"."User" WHERE ("public"."User"."id" = $1 AND 1=1) LIMIT $2 OFFSET $3
prisma:query SELECT "public"."User"."id", "public"."User"."email", "public"."User"."password", "public"."User"."googleId", "public"."User"."role"::text, "public"."User"."isEmailVerified", "public"."User"."emailVerifyToken", "public"."User"."resetPasswordToken", "public"."User"."resetPasswordExpires", "public"."User"."refreshToken", "public"."User"."isBlocked", "public"."User"."lastLoginAt", "public"."User"."createdAt", "public"."User"."updatedAt" FROM "public"."User" WHERE ("public"."User"."id" = $1 AND 1=1) LIMIT $2 OFFSET $3
prisma:query SELECT COUNT(*) FROM (SELECT "public"."Notification"."id" FROM "public"."Notification" WHERE ("public"."Notification"."userId" = $1 AND "public"."Notification"."isRead" = $2) OFFSET $3) AS "sub"
[32m[Nest] 4564  - [39m25/04/2026, 19:24:50 [32m    LOG[39m [38;5;3m[HTTP] [39m[32mGET /api/v1/notifications/unread-count 200 +4ms[39m
prisma:query SELECT "public"."Notification"."id", "public"."Notification"."userId", "public"."Notification"."title", "public"."Notification"."message", "public"."Notification"."type", "public"."Notification"."isRead", "public"."Notification"."metadata", "public"."Notification"."createdAt" FROM "public"."Notification" WHERE "public"."Notification"."userId" = $1 ORDER BY "public"."Notification"."createdAt" DESC LIMIT $2 OFFSET $3
[32m[Nest] 4564  - [39m25/04/2026, 19:24:50 [32m    LOG[39m [38;5;3m[HTTP] [39m[32mGET /api/v1/notifications 200 +3ms[39m
